TimeStep,Price,Basic_PnL,Enhanced_PnL,OBI,PriceChange
0,100,0,0,0.50219,0
1,98.1034,0,0,0.415019,-0.0189662
2,98.2964,0,0,0.540369,0.00196775
3,98.5055,0,0,0.629709,0.00212683
4,96.7412,0,0,0.484971,-0.0179108
5,98.1751,0,0,0.573086,0.0148222
6,98.9391,0,0,0.646997,0.00778207
7,99.0244,0,0,0.653316,0.000861823
8,99.2988,-0.737935,-0.962213,0.690664,0.00277194
9,100.148,-0.737935,-0.962213,0.73508,0.00854896
10,101.106,-0.737935,-0.962213,0.752418,0.00957183
11,101.45,-0.737935,-0.962213,0.791415,0.00339464
12,100.342,-0.737935,-0.962213,0.626293,-0.0109192
13,100.554,-1.39286,-1.51675,0.683517,0.00211689
14,98.1086,-1.39286,-1.51675,0.592571,-0.0243216
15,98.4407,-1.39286,-1.51675,0.603297,0.00338507
16,97.7944,-1.39286,-1.51675,0.44434,-0.00656553
17,101.356,-1.39286,-1.51675,0.563147,0.03642
18,102.101,-3.3971,-3.39555,0.648886,0.00734622
19,102.296,-3.3971,-3.39555,0.668306,0.00191295
20,101.892,-3.3971,-3.39555,0.505079,-0.0039515
21,100.141,-3.3971,-3.39555,0.398329,-0.0171847
22,100.163,-3.3971,-3.39555,0.588746,0.000222749
23,99.9434,-1.03111,-1.12911,0.456964,-0.00219297
24,99.7335,-1.03111,-1.12911,0.423353,-0.00210053
25,100.759,-1.03111,-1.12911,0.479559,0.0102824
26,100.737,-1.03111,-1.12911,0.396118,-0.000221786
27,100.224,-1.03111,-1.12911,0.329302,-0.00509102
28,100.252,1.75676,3.21858,0.46486,0.000285999
29,100.173,-0.28057,0.637846,0.384157,-0.000789166
30,99.3641,-0.28057,0.637846,0.348163,-0.00807771
31,101.048,-0.28057,0.637846,0.454994,0.0169488
32,100.849,-2.69802,-1.7181,0.385427,-0.00197202
33,102.294,-2.69802,-1.7181,0.516296,0.0143257
34,102.473,-2.69802,-1.7181,0.56616,0.00175665
35,105.856,-8.43864,-8.36492,0.646087,0.0330098
36,104.85,-8.43864,-8.36492,0.44294,-0.00950234
37,105.512,-15.3724,-14.0224,0.521658,0.00631677
38,103.59,-21.9817,-21.2931,0.417284,-0.0182251
39,104.323,-7.4168,-5.64291,0.568802,0.00707812
40,104.836,-7.4168,-5.64291,0.627194,0.00492485
41,101.391,-7.4168,-5.64291,0.522841,-0.0328698
42,102.084,-7.4168,-5.64291,0.629503,0.00683786
43,98.3057,-7.4168,-5.64291,0.560569,-0.0370104
44,98.2362,13.7585,14.3706,0.458877,-0.000707154
45,96.4693,13.9971,15.2088,0.383399,-0.0179857
46,96.9348,13.9971,15.2088,0.458902,0.00482578
47,97.4524,14.6197,15.8292,0.599794,0.00533899
48,96.1601,13.0371,13.424,0.429054,-0.0132611
49,95.5148,13.0371,13.424,0.336911,-0.00671015
50,95.238,24.7474,27.1585,0.296352,-0.00289845
51,95.1175,25.6079,28.2481,0.281631,-0.00126476
52,95.6827,25.8688,28.5641,0.431528,0.00594171
53,94.9518,25.8688,28.5641,0.333657,-0.00763865
54,96.411,25.8688,28.5641,0.46808,0.0153682
55,96.1772,25.8688,28.5641,0.3782,-0.00242493
56,96.9052,25.8688,28.5641,0.501422,0.00756922
57,95.9364,23.0911,25.3682,0.458178,-0.00999727
58,96.6759,27.0087,29.4518,0.565683,0.00770779
59,97.9522,27.0087,29.4518,0.64112,0.0132021
60,98.3474,27.0087,29.4518,0.703228,0.00403409
61,98.9455,23.6078,25.5708,0.734535,0.00608146
62,96.4516,23.6078,25.5708,0.546518,-0.0252044
63,96.4821,29.3793,31.9624,0.651388,0.000316391
64,94.9917,29.3793,31.9624,0.534132,-0.0154471
65,93.7706,29.3793,31.9624,0.42378,-0.0128547
66,93.1322,29.3793,31.9624,0.355245,-0.00680816
67,94.6802,29.3793,31.9624,0.512571,0.0166214
68,93.6107,29.3793,31.9624,0.456561,-0.0112966
69,94.4198,32.2302,34.9844,0.577815,0.00864376
70,95.1434,32.2302,34.9844,0.662708,0.00766338
71,94.3388,32.2302,34.9844,0.549783,-0.00845682
72,95.2284,32.2302,34.9844,0.604786,0.00943005
73,93.4868,32.2302,34.9844,0.53146,-0.0182889
74,93.0764,32.2302,34.9844,0.414969,-0.00438916
75,92.9617,32.2302,34.9844,0.303309,-0.00123309
76,92.479,32.2302,34.9844,0.27182,-0.00519204
77,89.9317,32.2302,34.9844,0.304849,-0.0275451
78,88.9215,32.2302,34.9844,0.267988,-0.0112324
79,88.7112,32.2302,34.9844,0.238505,-0.00236575
80,85.8987,27.4446,29.676,0.250141,-0.0317038
81,86.7158,27.4446,29.676,0.373898,0.00951302
82,86.2236,27.4446,29.676,0.294823,-0.00567589
83,86.9402,27.4446,29.676,0.445528,0.00831088
84,85.3539,27.4446,29.676,0.401744,-0.0182463
85,84.517,27.4446,29.676,0.388466,-0.00980509
86,85.0566,27.4446,29.676,0.494497,0.00638483
87,84.4911,27.4446,29.676,0.447968,-0.00664913
88,83.997,27.4446,29.676,0.341897,-0.00584717
89,82.4408,17.9964,20.6244,0.326814,-0.0185267
90,80.4188,17.9964,20.6244,0.283932,-0.0245271
91,81.8792,17.9964,20.6244,0.41333,0.0181595
92,80.2283,17.9964,20.6244,0.325646,-0.0201619
93,80.3967,6.66029,9.24587,0.44434,0.00209867
94,80.2564,11.2938,14.6404,0.378479,-0.00174582
95,79.7729,11.2938,14.6404,0.364243,-0.00602342
96,80.1761,11.2938,14.6404,0.441916,0.00505441
97,80.7003,11.2938,14.6404,0.545308,0.00653816
98,81.4234,11.2938,14.6404,0.632452,0.00895974
99,81.7735,11.2938,14.6404,0.700574,0.00429989
100,82.5551,11.2938,14.6404,0.682494,0.00955766
101,81.0254,17.7989,22.318,0.58007,-0.0185286
102,80.4231,17.7989,22.318,0.460511,-0.00743349
103,79.4308,17.7989,22.318,0.385012,-0.0123386
104,78.054,17.7989,22.318,0.307294,-0.0173343
105,77.0737,6.81663,10.1314,0.288754,-0.0125586
106,75.679,6.81663,10.1314,0.26811,-0.0180957
107,76.7221,6.81663,10.1314,0.46521,0.0137837
108,76.8711,5.79121,9.84835,0.574562,0.00194142
109,76.1478,5.79121,9.84835,0.429364,-0.00940946
110,74.2749,2.66248,6.61123,0.336096,-0.024596
111,74.2027,2.66248,6.61123,0.310519,-0.000971872
112,74.3836,2.66248,6.61123,0.469219,0.00243771
113,74.9433,2.66248,6.61123,0.558408,0.00752522
114,74.3284,2.66248,6.61123,0.439301,-0.00820521
115,74.5434,-2.82574,1.17504,0.558132,0.0028927
116,73.9031,-2.82574,1.17504,0.441683,-0.00858902
117,73.652,-2.82574,1.17504,0.373924,-0.00339826
118,72.5834,-2.82574,1.17504,0.339619,-0.0145091
119,70.725,-9.84579,-6.41536,0.256864,-0.0256027
120,69.5936,-19.1875,-16.3125,0.21129,-0.015997
121,70.1248,-19.1875,-16.3125,0.388956,0.0076321
122,70.2849,-16.8489,-12.8449,0.474377,0.00228362
123,69.0607,-16.8489,-12.8449,0.376416,-0.0174173
124,69.0411,-16.8489,-12.8449,0.384883,-0.000283889
125,70.7455,-27.2171,-23.2292,0.501913,0.0246867
126,70.213,-27.2171,-23.2292,0.444861,-0.00752817
127,69.8565,-20.2463,-15.7692,0.346411,-0.00507727
128,69.6781,-20.2463,-15.7692,0.333944,-0.0025536
129,69.0291,-20.2463,-15.7692,0.288938,-0.00931333
130,68.5812,-20.2463,-15.7692,0.249133,-0.00648956
131,69.1949,-20.2463,-15.7692,0.419089,0.00894877
132,70.357,-20.4427,-16.2074,0.477879,0.0167943
133,68.3907,-20.4427,-16.2074,0.417106,-0.027947
134,69.3436,-31.2078,-26.981,0.474842,0.0139328
135,69.4963,-31.2078,-26.981,0.61517,0.00220293
136,69.699,-31.2078,-26.981,0.696947,0.00291632
137,69.7313,-31.2078,-26.981,0.719744,0.000462834
138,70.9414,-14.8938,-7.72812,0.726046,0.0173536
139,71.5655,-7.5733,-0.322012,0.73385,0.00879718
140,70.3154,-7.5733,-0.322012,0.551624,-0.0174676
141,68.8707,-15.6533,-9.64259,0.518489,-0.0205453
142,69.3241,-15.6533,-9.64259,0.616616,0.00658305
143,69.1464,-15.6533,-9.64259,0.520667,-0.00256342
144,69.7003,-15.6533,-9.64259,0.614273,0.00801002
145,68.4224,-15.6533,-9.64259,0.446275,-0.0183333
146,70.2446,-15.6533,-9.64259,0.601352,0.0266312
147,70.6714,-15.6533,-9.64259,0.680516,0.0060766
148,69.6013,-15.6533,-9.64259,0.510807,-0.0151418
149,70.076,-15.6533,-9.64259,0.624286,0.0068199
150,69.998,-15.6533,-9.64259,0.492651,-0.00111292
151,68.6911,-17.6173,-12.1039,0.467281,-0.0186711
152,67.9164,-17.6173,-12.1039,0.374971,-0.0112774
153,68.2486,-17.6173,-12.1039,0.496782,0.00489022
154,67.4961,-17.6173,-12.1039,0.435876,-0.0110258
155,67.3192,-35.201,-30.2216,0.404663,-0.002621
156,66.3523,-36.6963,-32.0512,0.364239,-0.0143623
157,66.2574,-36.6963,-32.0512,0.325384,-0.00142961
158,65.64,-36.6963,-32.0512,0.297947,-0.00931881
159,65.6602,-36.6963,-32.0512,0.427836,0.000307937
160,66.2182,-36.6963,-32.0512,0.544263,0.00849732
161,65.8733,-37.6954,-31.3675,0.482534,-0.00520859
162,66.2485,-48.3746,-42.6998,0.644528,0.00569689
163,65.939,-48.3746,-42.6998,0.503319,-0.00467222
164,65.4246,-47.8729,-41.9516,0.485755,-0.00780154
165,63.7919,-53.1172,-47.426,0.434817,-0.0249554
166,65.2133,-53.1172,-47.426,0.576466,0.0222825
167,66.455,-44.5509,-37.5577,0.669524,0.019041
168,66.6516,-44.5509,-37.5577,0.681394,0.00295745
169,65.528,-44.5509,-37.5577,0.525141,-0.0168578
170,65.6216,-51.3042,-44.9788,0.580436,0.00142789
171,64.9177,-39.385,-32.2608,0.470214,-0.0107259
172,64.8715,-39.385,-32.2608,0.431238,-0.000712373
173,66.4004,-39.385,-32.2608,0.589557,0.0235693
174,67.0164,-39.385,-32.2608,0.61552,0.00927626
175,66.8393,-39.385,-32.2608,0.507614,-0.00264228
176,67.9053,-39.385,-32.2608,0.614674,0.0159485
177,67.1143,-39.385,-32.2608,0.482644,-0.0116487
178,67.8516,-34.3577,-28.5221,0.576644,0.0109856
179,67.1697,-34.3577,-28.5221,0.465388,-0.010049
180,67.8934,-34.3577,-28.5221,0.574331,0.0107734
181,69.056,-14.8976,-7.69551,0.600822,0.0171248
182,70.3762,-14.8976,-7.69551,0.685782,0.0191175
183,70.2663,-14.8976,-7.69551,0.549508,-0.00156249
184,67.5133,-14.8976,-7.69551,0.464972,-0.0391797
185,68.5571,-14.8976,-7.69551,0.586283,0.0154607
186,69.8579,-14.8976,-7.69551,0.629516,0.018975
187,69.6584,-14.8976,-7.69551,0.47456,-0.0028561
188,70.3469,-14.8976,-7.69551,0.563334,0.00988311
189,69.4537,-14.8976,-7.69551,0.479165,-0.0126964
190,68.7111,-14.8976,-7.69551,0.390019,-0.0106921
191,67.616,-14.8976,-7.69551,0.40876,-0.0159375
192,69.4102,-14.8976,-7.69551,0.52457,0.0265348
193,69.4051,-14.8976,-7.69551,0.459175,-7.35934e-05
194,69.1207,-14.8976,-7.69551,0.324716,-0.00409796
195,69.6351,-12.5248,-8.75519,0.48293,0.007443
196,70.2078,4.0243,10.1979,0.59013,0.0082242
197,71.464,9.85123,17.5281,0.694498,0.0178926
198,72.0931,21.247,30.2868,0.75677,0.0088033
199,72.2219,21.247,30.2868,0.727105,0.00178648
200,71.8075,21.247,30.2868,0.617245,-0.00573881
201,70.5043,21.247,30.2868,0.509034,-0.0181487
202,71.2559,5.64889,12.5667,0.599135,0.0106617
203,70.1467,5.64889,12.5667,0.486701,-0.0155666
204,69.059,2.34124,8.97644,0.40332,-0.0155067
205,69.014,2.34124,8.97644,0.396032,-0.000652023
206,68.508,2.34124,8.97644,0.312948,-0.00733125
207,67.5214,-14.1461,-9.88719,0.259601,-0.0144014
208,67.0115,-14.1461,-9.88719,0.286177,-0.00755197
209,66.8763,-14.1461,-9.88719,0.302222,-0.00201683
210,66.83,-14.1461,-9.88719,0.257322,-0.000692965
211,66.0539,-32.7143,-29.2043,0.210157,-0.0116123
212,65.9419,-32.7143,-29.2043,0.24009,-0.00169611
213,66.0816,-32.7143,-29.2043,0.428585,0.00211898
214,66.6271,-32.7143,-29.2043,0.57193,0.00825501
215,66.5395,-23.2685,-14.7159,0.463899,-0.00131499
216,66.9523,-23.2685,-14.7159,0.639693,0.00620386
217,67.1993,-19.5815,-10.0256,0.611602,0.00368915
218,67.2211,-19.5815,-10.0256,0.632116,0.000323937
219,67.1204,-19.5815,-10.0256,0.499665,-0.00149762
220,68.3062,-19.5815,-10.0256,0.568016,0.017667
221,68.4907,-5.94237,2.67215,0.678666,0.00270097
222,67.5055,-4.19194,5.78897,0.534002,-0.0143852
223,68.782,-4.19194,5.78897,0.675806,0.0189104
224,68.959,-4.19194,5.78897,0.729371,0.00257341
225,68.4949,-0.365483,10.1883,0.561134,-0.00673085
226,67.0349,-0.365483,10.1883,0.411983,-0.0213154
227,67.5647,-0.365483,10.1883,0.517494,0.00790365
228,68.3873,-0.365483,10.1883,0.612323,0.0121753
229,69.8621,-0.365483,10.1883,0.613895,0.0215648
230,68.8425,-0.365483,10.1883,0.501933,-0.0145939
231,68.3372,-8.11107,0.2469,0.361885,-0.00734017
232,66.4776,-8.11107,0.2469,0.329321,-0.0272116
233,67.6347,-27.1101,-20.5889,0.466396,0.0174049
234,67.8656,-27.1101,-20.5889,0.568365,0.00341375
235,68.2619,-5.7088,3.68994,0.652662,0.00584078
236,68.3056,-5.7088,3.68994,0.695671,0.000638883
237,68.1084,-5.7088,3.68994,0.482194,-0.00288688
238,69.0485,-11.6863,-3.22397,0.601354,0.013803
239,68.9791,-11.6863,-3.22397,0.509495,-0.00100442
240,69.1072,-3.93962,4.85893,0.603147,0.00185631
241,70.8836,-3.93962,4.85893,0.631584,0.0257061
242,69.2353,-3.93962,4.85893,0.514922,-0.0232548
243,70.1056,-3.93962,4.85893,0.560101,0.012571
244,70.3514,-3.93962,4.85893,0.62661,0.00350623
245,69.3385,-3.93962,4.85893,0.497888,-0.0143977
246,69.5315,-3.93962,4.85893,0.584956,0.00278277
247,68.7878,-3.93962,4.85893,0.463517,-0.0106954
248,68.9518,-5.95271,2.21292,0.49981,0.00238378
249,67.8771,-5.95271,2.21292,0.387705,-0.0155854
250,68.1152,-5.95271,2.21292,0.5164,0.0035071
251,68.3511,-2.46149,6.50201,0.635051,0.00346346
252,68.6589,-2.46149,6.50201,0.739228,0.00450382
253,70.3703,-2.46149,6.50201,0.791274,0.0249252
254,70.3111,20.1894,33.0289,0.643351,-0.000840881
255,70.3946,10.7469,21.7112,0.701254,0.00118697
256,70.0745,21.4815,33.2633,0.55435,-0.00454669
257,70.2918,9.69089,19.6082,0.639055,0.00310118
258,70.0054,9.69089,19.6082,0.554037,-0.00407511
259,70.6437,8.89956,18.8118,0.63108,0.00911832
260,70.1442,8.89956,18.8118,0.49837,-0.00707047
261,70.8873,8.89956,18.8118,0.588409,0.0105941
262,69.1737,8.89956,18.8118,0.465893,-0.0241738
263,68.2663,8.89956,18.8118,0.36858,-0.0131179
264,68.4105,8.89956,18.8118,0.499955,0.00211161
265,68.0681,8.89956,18.8118,0.403442,-0.00500417
266,67.8433,8.89956,18.8118,0.326464,-0.00330337
267,68.0795,-14.9937,-8.50382,0.465532,0.00348164
268,65.9914,-0.2792,8.47305,0.377368,-0.030671
269,66.8428,-0.2792,8.47305,0.51996,0.0129012
270,68.3716,-0.2792,8.47305,0.620119,0.0228725
271,67.8879,3.04454,14.1198,0.448419,-0.00707542
272,68.7535,3.04454,14.1198,0.545962,0.0127513
273,70.5575,3.04454,14.1198,0.621337,0.0262388
274,69.0819,3.04454,14.1198,0.584558,-0.0209134
275,67.8694,3.04454,14.1198,0.486256,-0.0175521
276,67.6435,-11.8777,-2.63148,0.339509,-0.00332885
277,67.2809,-11.8777,-2.63148,0.257689,-0.0053599
278,66.1632,-11.8777,-2.63148,0.214822,-0.0166119
279,66.0257,-11.8777,-2.63148,0.228395,-0.00207854
280,66.6357,-11.8777,-2.63148,0.411061,0.00923901
281,67.2663,-11.8777,-2.63148,0.539289,0.0094625
282,68.1152,-7.62206,2.41076,0.5875,0.0126196
283,67.8901,0.966698,11.663,0.435611,-0.00330466
284,67.6222,0.966698,11.663,0.422208,-0.00394592
285,68.5168,-12.3802,-3.7036,0.547041,0.0132302
286,67.4665,-12.3802,-3.7036,0.469224,-0.0153292
287,67.8225,-12.3802,-3.7036,0.562101,0.00527722
288,68.4339,-12.3802,-3.7036,0.695789,0.00901375
289,68.5315,-12.3802,-3.7036,0.725379,0.00142595
290,67.4983,-12.3802,-3.7036,0.573376,-0.015076
291,66.4926,-13.719,-2.99978,0.37302,-0.0148996
292,64.676,-24.8917,-17.1196,0.32771,-0.0273198
293,64.9435,-24.8917,-17.1196,0.450561,0.00413511
294,65.2632,-31.6012,-22.5733,0.544745,0.004924
295,65.7062,-31.6012,-22.5733,0.623135,0.0067868
296,65.0279,-23.1014,-11.5872,0.477641,-0.0103224
297,65.5317,-23.1014,-11.5872,0.582075,0.00774741
298,65.9066,-23.1014,-11.5872,0.627332,0.00572114
299,66.7394,-23.1014,-11.5872,0.711535,0.0126358
300,67.1246,-12.6689,0.0507676,0.731195,0.00577158
301,66.386,-9.11213,3.85971,0.536926,-0.0110034
302,65.8421,-9.11213,3.85971,0.439481,-0.0081935
303,64.4025,-9.11213,3.85971,0.382404,-0.0218636
304,63.492,-9.11213,3.85971,0.347218,-0.0141387
305,62.4573,-9.11213,3.85971,0.283212,-0.0162961
306,63.1424,-9.11213,3.85971,0.408134,0.0109695
307,63.5964,-40.8897,-31.329,0.505649,0.00718946
308,63.2013,-40.8897,-31.329,0.397641,-0.00621219
309,63.6211,-40.8897,-31.329,0.50498,0.00664166
310,62.8478,-40.8897,-31.329,0.396883,-0.0121542
311,63.1311,-40.8897,-31.329,0.497478,0.00450736
312,63.1255,-40.8897,-31.329,0.418961,-8.80571e-05
313,63.3809,-40.8897,-31.329,0.537187,0.00404543
314,64.3922,-40.8897,-31.329,0.611352,0.0159559
315,64.1538,-32.0713,-20.6946,0.457716,-0.00370179
316,65.9131,-32.0713,-20.6946,0.570347,0.027423
317,66.1828,-22.8857,-11.8131,0.642659,0.00409103
318,64.8381,-22.8857,-11.8131,0.506165,-0.0203178
319,65.0212,-33.2109,-22.562,0.657219,0.00282445
320,65.3947,-26.1721,-14.3445,0.742295,0.00574456
321,65.5327,-26.1721,-14.3445,0.762281,0.00211056
322,66.2132,-26.1721,-14.3445,0.792123,0.0103841
323,67.2777,-26.1721,-14.3445,0.845834,0.0160766
324,68.755,-26.1721,-14.3445,0.871754,0.0219581
325,68.5285,-26.1721,-14.3445,0.716276,-0.00329419
326,68.2513,-26.1721,-14.3445,0.512786,-0.00404517
327,68.2258,-26.1721,-14.3445,0.427017,-0.000373527
328,69.4152,-26.1721,-14.3445,0.566665,0.0174324
329,69.8465,-26.1721,-14.3445,0.636251,0.00621307
330,70.2887,-26.1721,-14.3445,0.694629,0.00633229
331,69.884,-26.1721,-14.3445,0.574869,-0.00575828
332,69.3681,-26.1721,-14.3445,0.461585,-0.00738242
333,69.7822,-26.1721,-14.3445,0.535207,0.00596953
334,71.8743,-2.31728,8.7338,0.585924,0.0299812
335,70.405,-2.31728,8.7338,0.49365,-0.0204432
336,70.2905,-2.31728,8.7338,0.383769,-0.0016262
337,69.7541,-2.31728,8.7338,0.316767,-0.00763065
338,70.0403,-2.31728,8.7338,0.494792,0.00410248
339,68.9862,-1.2448,9.58055,0.365101,-0.0150503
340,68.9068,-1.2448,9.58055,0.340929,-0.00115016
341,70.2212,-7.61521,2.57436,0.417694,0.0190741
342,69.2496,-7.61521,2.57436,0.370774,-0.0138362
343,69.6431,-7.61521,2.57436,0.542318,0.00568243
344,70.2567,-7.61521,2.57436,0.626693,0.00881123
345,69.8908,-7.61521,2.57436,0.471439,-0.00520807
346,70.2235,-3.71927,7.1875,0.555333,0.00475998
347,68.9554,-3.71927,7.1875,0.485735,-0.0180574
348,68.2681,-3.71927,7.1875,0.403781,-0.00996765
349,68.0263,-3.71927,7.1875,0.36906,-0.00354166
350,68.4045,-3.71927,7.1875,0.541738,0.00555882
351,68.426,-3.71927,7.1875,0.660821,0.000313922
352,68.8384,-3.71927,7.1875,0.710028,0.00602767
353,68.1994,-3.71927,7.1875,0.546458,-0.00928253
354,70.0953,-3.71927,7.1875,0.602608,0.0277998
355,69.627,-3.71927,7.1875,0.475283,-0.0066816
356,70.8319,-3.71927,7.1875,0.568655,0.0173053
357,71.6133,-3.71927,7.1875,0.610642,0.0110318
358,71.6941,9.84317,21.7419,0.717277,0.00112825
359,71.6555,9.84317,21.7419,0.557096,-0.000537759
360,72.5149,9.84317,21.7419,0.609862,0.0119929
361,71.7049,9.84317,21.7419,0.501578,-0.0111702
362,71.92,6.24953,17.5234,0.624241,0.00300015
363,69.8177,6.24953,17.5234,0.580015,-0.0292313
364,68.4288,6.24953,17.5234,0.397526,-0.0198927
365,67.4893,-10.1807,0.380635,0.322998,-0.01373
366,67.8898,-10.1807,0.380635,0.484386,0.00593475
367,68.9989,-10.1807,0.380635,0.594057,0.0163364
368,68.9711,-0.82026,11.3614,0.457445,-0.000403611
369,68.7758,-5.9095,5.32962,0.392963,-0.00283065
370,68.7746,-5.9095,5.32962,0.397467,-1.78392e-05
371,68.9632,-5.9095,5.32962,0.541542,0.00274273
372,69.0473,-5.9095,5.32962,0.573014,0.00121843
373,67.4125,0.487676,12.684,0.487347,-0.0236758
374,67.7685,0.487676,12.684,0.57162,0.00528041
375,67.7254,-5.85624,6.32128,0.443816,-0.000636085
376,67.45,-5.85624,6.32128,0.369506,-0.00406649
377,67.5876,-5.85624,6.32128,0.473233,0.00204064
378,67.4855,-5.85624,6.32128,0.386574,-0.00151132
379,68.2009,-10.9483,0.228559,0.516127,0.010601
380,67.6524,-10.9483,0.228559,0.415674,-0.00804194
381,68.5289,-10.1636,1.20827,0.555409,0.0129551
382,68.3373,-10.1636,1.20827,0.460962,-0.00279462
383,69.0114,-10.1636,1.20827,0.547124,0.00986337
384,68.3035,-10.1636,1.20827,0.449279,-0.0102568
385,68.1022,-10.1636,1.20827,0.339141,-0.00294803
386,68.7732,-10.1636,1.20827,0.498983,0.00985255
387,68.2513,-10.1636,1.20827,0.360657,-0.00758842
388,68.1747,-10.1636,1.20827,0.274958,-0.00112259
389,67.7538,-7.09007,3.12529,0.244587,-0.00617354
390,68.92,-7.09007,3.12529,0.421468,0.0172128
391,68.7842,-7.09007,3.12529,0.364764,-0.00197128
392,69.0976,-7.09007,3.12529,0.491237,0.0045568
393,69.278,6.30042,18.5789,0.617216,0.00261045
394,69.0651,7.44267,20.7683,0.503388,-0.00307317
395,69.108,7.44267,20.7683,0.559874,0.000621087
396,67.7693,7.44267,20.7683,0.471961,-0.0193711
397,68.1692,7.44267,20.7683,0.629084,0.00590152
398,66.7204,7.44267,20.7683,0.446204,-0.0212529
399,65.3741,7.44267,20.7683,0.420838,-0.0201781
400,64.8906,-17.0266,-5.03052,0.394353,-0.00739688
401,63.7455,-17.0266,-5.03052,0.377549,-0.0176464
402,65.5321,-17.0266,-5.03052,0.479522,0.0280267
403,66.138,-17.0266,-5.03052,0.520057,0.00924729
404,65.7903,-6.50302,6.27323,0.38775,-0.00525853
405,65.5981,-13.192,-1.28687,0.350545,-0.00292125
406,64.1821,-13.192,-1.28687,0.299105,-0.0215852
407,63.8157,-13.192,-1.28687,0.271669,-0.0057096
408,64.5719,-25.0995,-14.0567,0.421027,0.0118497
409,64.1548,-25.0995,-14.0567,0.349358,-0.00645908
410,65.3886,-25.0995,-14.0567,0.486197,0.0192315
411,66.2065,-25.0995,-14.0567,0.583359,0.0125083
412,66.1456,-25.0995,-14.0567,0.488686,-0.000920208
413,66.37,-25.0995,-14.0567,0.582783,0.00339395
414,67.3996,-25.0995,-14.0567,0.654753,0.0155126
415,65.6299,-25.0995,-14.0567,0.560934,-0.0262566
416,63.1426,-25.0995,-14.0567,0.42948,-0.0378996
417,63.3994,-29.881,-17.4217,0.588774,0.00406746
418,62.8138,-29.881,-17.4217,0.503801,-0.00923678
419,62.9909,-29.881,-17.4217,0.630069,0.00281951
420,65.0209,-29.881,-17.4217,0.641781,0.0322264
421,67.1259,-29.881,-17.4217,0.711313,0.0323744
422,66.3428,-29.881,-17.4217,0.589848,-0.0116661
423,66.2489,-29.881,-17.4217,0.439208,-0.00141534
424,67.6231,-5.1105,7.41689,0.536795,0.0207425
425,66.4917,-5.1105,7.41689,0.510633,-0.016731
426,66.249,-5.1105,7.41689,0.404837,-0.00364988
427,66.7868,-5.1105,7.41689,0.521986,0.00811861
428,66.9286,-5.1105,7.41689,0.606832,0.00212291
429,68.1073,-5.1105,7.41689,0.661206,0.0176113
430,66.6829,-5.1105,7.41689,0.530594,-0.020915
431,66.4124,-1.29492,12.3246,0.404192,-0.0040552
432,65.404,-4.09904,7.83991,0.274683,-0.0151852
433,65.757,-15.3024,-5.20568,0.362197,0.00539759
434,66.9777,-15.3024,-5.20568,0.464157,0.0185636
435,67.6756,15.4621,28.5194,0.582661,0.010421
436,68.7475,23.2498,38.066,0.632019,0.0158383
437,70.1559,34.0684,49.581,0.704541,0.0204859
438,69.9164,46.8337,63.2955,0.473957,-0.00341382
439,70.4357,46.8337,63.2955,0.56886,0.00742763
440,72.0693,49.1522,64.0941,0.681944,0.0231925
441,71.8798,60.6572,76.7559,0.534234,-0.00262818
442,71.3077,60.6572,76.7559,0.486681,-0.00796026
443,74.1151,50.1477,64.5589,0.579939,0.0393705
444,72.5859,50.1477,64.5589,0.481027,-0.0206322
445,71.8695,59.0255,73.3768,0.374572,-0.00986969
446,71.0969,53.2143,66.3437,0.337515,-0.01075
447,71.0141,53.2143,66.3437,0.382309,-0.00116459
448,70.9057,53.2143,66.3437,0.262285,-0.00152688
449,70.4413,44.4498,56.1679,0.253974,-0.00654926
450,69.7101,44.4498,56.1679,0.224794,-0.0103799
451,69.8945,44.4498,56.1679,0.401899,0.00264491
452,70.6016,44.4498,56.1679,0.511901,0.0101156
453,69.6836,44.4498,56.1679,0.454319,-0.0130014
454,69.8862,44.4498,56.1679,0.570425,0.00290741
455,69.9195,44.1552,60.2286,0.601334,0.000475467
456,68.466,44.5442,61.0071,0.497173,-0.0207872
457,66.9313,24.9968,40.2951,0.390776,-0.0224157
458,66.7615,24.9968,40.2951,0.333373,-0.00253758
459,67.2131,24.9968,40.2951,0.408931,0.00676414
460,67.796,24.9968,40.2951,0.525313,0.00867289
461,67.7721,24.9968,40.2951,0.344635,-0.00035259
462,67.0238,24.9968,40.2951,0.284702,-0.0110405
463,67.9236,11.9272,24.6628,0.357989,0.0134237
464,67.0575,11.9272,24.6628,0.322831,-0.012751
465,66.1118,11.9272,24.6628,0.330896,-0.014103
466,66.3295,11.9272,24.6628,0.43402,0.00329418
467,66.024,11.9272,24.6628,0.379171,-0.00460695
468,66.5845,11.9272,24.6628,0.481823,0.0084897
469,66.7913,17.4335,32.8131,0.598752,0.00310612
470,67.6644,17.4335,32.8131,0.725227,0.0130722
471,68.4082,27.2429,45.5835,0.783432,0.010992
472,67.5165,27.2429,45.5835,0.541524,-0.0130345
473,66.0825,27.2429,45.5835,0.465895,-0.0212394
474,65.1927,27.2429,45.5835,0.432125,-0.0134654
475,65.8442,-0.451046,14.7432,0.520442,0.00999344
476,66.4964,-0.451046,14.7432,0.621002,0.00990595
477,66.3214,-0.451046,14.7432,0.508548,-0.00263198
478,66.851,9.61754,25.7104,0.602967,0.00798505
479,66.6269,9.61754,25.7104,0.478704,-0.00335262
480,66.5638,9.61754,25.7104,0.429525,-0.000946225
481,67.0447,9.61754,25.7104,0.533767,0.00722473
482,67.7739,9.61754,25.7104,0.62427,0.0108767
483,67.2411,9.61754,25.7104,0.499711,-0.00786245
484,66.8256,9.61754,25.7104,0.396164,-0.00617824
485,67.4172,9.61754,25.7104,0.480958,0.00885262
486,67.0996,9.61754,25.7104,0.363644,-0.00471079
487,67.2286,9.61754,25.7104,0.51847,0.00192144
488,69.4631,9.61754,25.7104,0.561826,0.0332379
489,69.4129,9.61754,25.7104,0.422375,-0.000723035
490,70.4048,9.61754,25.7104,0.542359,0.0142903
491,69.7414,60.3516,76.9275,0.41874,-0.00942293
492,70.327,60.3516,76.9275,0.511647,0.00839638
493,70.0004,59.741,75.9276,0.423969,-0.00464301
494,69.7828,59.741,75.9276,0.383563,-0.00310915
495,69.9443,59.741,75.9276,0.526138,0.00231426
496,69.9597,59.741,75.9276,0.582267,0.00022072
497,68.7579,59.741,75.9276,0.459949,-0.0171794
498,66.712,39.2682,54.8831,0.37402,-0.0297549
499,65.1821,20.7653,35.3631,0.365259,-0.0229334
500,64.6909,5.36595,19.888,0.31237,-0.00753502
501,65.2944,5.36595,19.888,0.403141,0.00932967
502,66.3497,5.36595,19.888,0.502121,0.0161622
503,67.4922,29.1006,45.5859,0.576854,0.0172184
504,67.0357,29.1006,45.5859,0.462065,-0.00676278
505,66.4864,29.1006,45.5859,0.404842,-0.00819558
506,65.206,20.5667,35.7584,0.328699,-0.019258
507,65.6279,20.5667,35.7584,0.483965,0.00647116
508,66.487,20.5667,35.7584,0.598176,0.0130894
509,66.6707,31.4633,49.4829,0.689417,0.00276395
510,67.5148,31.4633,49.4829,0.753927,0.0126607
511,67.7792,41.8419,61.9849,0.720961,0.00391583
512,68.1741,41.8419,61.9849,0.800026,0.00582637
513,70.2212,41.8419,61.9849,0.8476,0.0300267
514,68.7099,41.8419,61.9849,0.663124,-0.0215213
515,69.0281,41.8419,61.9849,0.664751,0.00463113
516,70.5275,41.8419,61.9849,0.693715,0.0217209
517,70.7792,69.0457,88.5619,0.697271,0.00356926
518,71.3255,71.1395,90.7038,0.73143,0.00771842
519,71.6651,71.1395,90.7038,0.785781,0.00476162
520,72.0096,77.411,97.8878,0.806191,0.00480719
521,73.7242,79.538,100.203,0.773463,0.0238099
522,73.2974,79.538,100.203,0.639643,-0.00578928
523,73.4122,79.538,100.203,0.679352,0.00156658
524,73.8664,86.6008,106.378,0.730447,0.00618695
525,73.0948,88.4576,108.543,0.542805,-0.0104452
526,71.603,83.173,102.425,0.434682,-0.0204091
527,70.8585,83.173,102.425,0.323053,-0.0103974
528,71.4858,74.1878,92.1861,0.473244,0.00885253
529,72.3033,74.1878,92.1861,0.573578,0.0114351
530,72.1865,74.1878,92.1861,0.478513,-0.00161481
531,72.2141,74.1878,92.1861,0.583154,0.000381787
532,72.322,85.9155,105.768,0.627726,0.00149455
533,72.064,86.3872,106.498,0.503134,-0.00356717
534,73.9918,86.3872,106.498,0.571852,0.0267508
535,73.3698,86.3872,106.498,0.448608,-0.00840685
536,71.0018,86.5604,105.891,0.356723,-0.032274
537,70.562,86.5604,105.891,0.280642,-0.00619408
538,70.9538,86.5604,105.891,0.408949,0.00555221
539,72.8706,86.5604,105.891,0.549441,0.0270149
540,71.9761,86.5604,105.891,0.406184,-0.0122746
541,72.9458,86.5604,105.891,0.54039,0.0134725
542,73.0173,86.5604,105.891,0.620862,0.000979888
543,72.2478,86.5604,105.891,0.508508,-0.010539
544,73.3253,86.5604,105.891,0.629689,0.0149143
545,75.9011,90.3427,110.736,0.679096,0.0351287
546,74.8524,98.1002,118.738,0.512218,-0.0138178
547,75.3164,94.0226,114.154,0.590204,0.00619872
548,74.7957,94.0226,114.154,0.511706,-0.00691343
549,74.5372,94.0226,114.154,0.397734,-0.00345607
550,74.2203,94.0226,114.154,0.33308,-0.00425095
551,74.3198,94.0226,114.154,0.44111,0.00134003
552,73.2755,95.3948,115.208,0.345787,-0.0140512
553,71.9022,95.3948,115.208,0.319076,-0.018741
554,71.6817,95.3948,115.208,0.267085,-0.00306713
555,71.9674,88.1387,107.459,0.397457,0.00398566
556,72.6291,88.1387,107.459,0.455258,0.00919408
557,72.465,88.1387,107.459,0.339289,-0.00225947
558,72.7446,88.1387,107.459,0.411356,0.00385904
559,71.8182,94.2974,114.233,0.34236,-0.0127351
560,74.1205,94.2974,114.233,0.490993,0.0320574
561,73.0122,94.2974,114.233,0.399971,-0.0149533
562,73.6781,94.2974,114.233,0.516227,0.00912144
563,73.8407,94.2974,114.233,0.620751,0.00220704
564,73.3889,94.2974,114.233,0.509854,-0.00611845
565,73.1733,94.2974,114.233,0.471553,-0.00293809
566,73.7931,93.1749,113.285,0.513351,0.0084704
567,72.3805,93.1749,113.285,0.396747,-0.0191437
568,71.8677,93.1749,113.285,0.366338,-0.00708357
569,70.7337,89.2281,108.887,0.346635,-0.0157802
570,71.3219,89.2281,108.887,0.504209,0.00831616
571,70.7574,91.0047,111.456,0.454291,-0.0079145
572,71.1922,91.0047,111.456,0.541931,0.00614408
573,71.2339,91.0047,111.456,0.638975,0.000586166
574,70.3267,91.0047,111.456,0.502858,-0.0127358
575,70.135,91.0047,111.456,0.388088,-0.00272593
576,70.6554,91.0047,111.456,0.509347,0.00742004
577,71.907,89.0351,109.508,0.5572,0.0177151
578,71.3176,89.0351,109.508,0.426337,-0.00819759
579,69.5945,89.0351,109.508,0.40032,-0.0241599
580,70.02,84.9335,105.102,0.529282,0.00611385
581,70.3061,89.1799,109.888,0.60887,0.00408552
582,69.5581,89.7721,110.705,0.463001,-0.0106393
583,71.1544,89.7721,110.705,0.566559,0.0229488
584,71.6797,89.7721,110.705,0.659867,0.00738299
585,69.6199,91.1557,112.164,0.499934,-0.0287367
586,68.6208,91.1557,112.164,0.375529,-0.0143495
587,68.6224,91.1557,112.164,0.539328,2.24407e-05
588,68.3546,91.1557,112.164,0.406969,-0.0039025
589,69.3992,91.1557,112.164,0.492748,0.0152821
590,70.1953,91.1557,112.164,0.587463,0.011471
591,70.8058,89.5728,110.513,0.627493,0.00869766
592,71.4503,89.5728,110.513,0.680271,0.00910293
593,72.1655,89.5728,110.513,0.75499,0.0100092
594,70.8217,85.6123,106.062,0.578275,-0.0186206
595,70.961,85.6123,106.062,0.5994,0.00196606
596,70.8219,85.6123,106.062,0.460746,-0.00195924
597,70.1043,92.613,114.333,0.379361,-0.0101325
598,70.4947,92.613,114.333,0.529661,0.00556866
599,70.5229,92.613,114.333,0.599367,0.000400251
600,71.462,92.613,114.333,0.678803,0.0133152
601,71.7935,89.3529,110.451,0.731967,0.00463858
602,71.8451,89.3529,110.451,0.732773,0.000718754
603,72.0051,89.3529,110.451,0.81599,0.002228
604,71.7521,89.3529,110.451,0.602892,-0.00351435
605,71.2924,89.3529,110.451,0.48265,-0.00640588
606,70.713,89.3529,110.451,0.377663,-0.00812704
607,68.5559,89.3529,110.451,0.3499,-0.030506
608,68.9465,89.3529,110.451,0.509132,0.00569824
609,67.7007,96.8693,118.696,0.43457,-0.0180693
610,68.817,96.8693,118.696,0.577029,0.0164884
611,68.0592,96.8693,118.696,0.423934,-0.0110114
612,67.8381,96.8693,118.696,0.419631,-0.00324862
613,68.7698,96.8693,118.696,0.537157,0.0137336
614,67.5007,96.8693,118.696,0.458805,-0.0184537
615,67.4042,96.8693,118.696,0.385482,-0.00143009
616,67.4706,96.8693,118.696,0.517725,0.000984526
617,67.5973,102.733,124.515,0.615798,0.00187909
618,67.1161,102.733,124.515,0.439194,-0.00711928
619,67.0171,102.733,124.515,0.330637,-0.00147515
620,67.8583,102.733,124.515,0.496858,0.0125525
621,67.1052,102.733,124.515,0.402142,-0.0110978
622,69.3342,109.51,132.067,0.509614,0.0332156
623,69.6689,96.6339,118.613,0.617774,0.00482726
624,69.9383,96.6339,118.613,0.637691,0.00386679
625,69.2858,96.6339,118.613,0.496446,-0.00932982
626,68.3966,96.6339,118.613,0.371759,-0.0128326
627,69.1153,106.272,129.194,0.541354,0.0105078
628,68.5544,99.4368,121.429,0.430251,-0.00811595
629,68.4306,107.192,129.948,0.372563,-0.00180615
630,69.2618,107.727,130.798,0.5027,0.0121471
631,69.0995,107.727,130.798,0.405794,-0.00234343
632,69.2893,107.727,130.798,0.556227,0.0027462
633,71.1676,107.727,130.798,0.67956,0.027109
634,72.814,107.727,130.798,0.729732,0.0231338
635,73.8848,107.727,130.798,0.746639,0.0147057
636,74.5793,107.727,130.798,0.800793,0.00939964
637,76.6152,107.727,130.798,0.711242,0.0272987
638,77.8978,107.727,130.798,0.698635,0.016741
639,78.0317,76.3551,97.975,0.724743,0.00171861
640,77.782,76.3551,97.975,0.539827,-0.00320014
641,77.6834,76.3551,97.975,0.450497,-0.00126764
642,77.2761,81.1729,104.338,0.388232,-0.00524303
643,77.3483,81.1729,104.338,0.462891,0.000933815
644,78.2591,81.1729,104.338,0.578053,0.0117764
645,78.702,76.4756,99.0438,0.649588,0.0056596
646,79.3745,76.4756,99.0438,0.680155,0.00854449
647,81.4699,76.4756,99.0438,0.678631,0.0263983
648,82.5083,76.4756,99.0438,0.708979,0.0127456
649,85.4921,59.4391,81.1166,0.683904,0.0361643
650,85.7192,44.4699,66.2993,0.739236,0.00265692
651,86.7667,44.4699,66.2993,0.746859,0.0122193
652,87.0551,44.4699,66.2993,0.796682,0.00332444
653,87.6698,35.0317,55.6485,0.787489,0.0070602
654,85.5947,35.0317,55.6485,0.605477,-0.0236685
655,86.4369,35.0317,55.6485,0.663598,0.00983947
656,85.9842,39.289,61.5419,0.490112,-0.00523839
657,86.6249,39.289,61.5419,0.56093,0.00745217
658,86.9681,39.289,61.5419,0.62262,0.00396117
659,86.6787,39.289,61.5419,0.511157,-0.00332697
660,85.6234,39.289,61.5419,0.416527,-0.0121747
661,87.1752,39.289,61.5419,0.514898,0.0181235
662,87.9196,33.3027,57.6104,0.656719,0.00853838
663,90.0677,33.3027,57.6104,0.742793,0.0244326
664,89.2096,33.3027,57.6104,0.598194,-0.00952661
665,90.5942,33.3027,57.6104,0.652403,0.0155204
666,89.3518,33.3027,57.6104,0.47601,-0.0137139
667,89.3149,22.6236,47.5509,0.425909,-0.00041262
668,89.6814,22.6236,47.5509,0.548646,0.00410279
669,90.7863,22.6236,47.5509,0.635005,0.0123201
670,89.9745,22.6236,47.5509,0.480571,-0.00894105
671,89.6195,22.6236,47.5509,0.443164,-0.00394627
672,88.9264,20.5622,45.9616,0.386317,-0.00773349
673,87.6775,20.5622,45.9616,0.383299,-0.0140443
674,87.7787,20.5622,45.9616,0.518521,0.00115395
675,87.688,26.5179,50.9765,0.403319,-0.00103264
676,87.3143,26.5179,50.9765,0.308225,-0.00426135
677,87.4275,38.1524,65.5503,0.490276,0.00129547
678,85.9708,38.1524,65.5503,0.390721,-0.0166612
679,84.0246,38.1524,65.5503,0.32817,-0.0226379
680,84.9513,38.1524,65.5503,0.472454,0.0110284
681,86.4698,47.7639,73.1451,0.558168,0.0178749
682,87.3318,35.5359,59.738,0.571473,0.00996961
683,85.2754,35.5359,59.738,0.398892,-0.0235478
684,85.1566,35.5359,59.738,0.271888,-0.00139259
685,86.1666,56.2644,84.8683,0.434101,0.0118609
686,83.9884,56.2644,84.8683,0.310097,-0.02528
687,82.7659,56.2644,84.8683,0.251703,-0.0145552
688,82.5696,56.2644,84.8683,0.214572,-0.00237119
689,82.2004,56.2644,84.8683,0.134972,-0.00447198
690,80.5929,56.2644,84.8683,0.127267,-0.019556
691,81.0565,92.8543,123.157,0.352047,0.00575283
692,78.7482,82.6788,110.455,0.328432,-0.0284778
693,78.5829,109.065,137.084,0.268274,-0.00209843
694,78.3341,109.065,137.084,0.288469,-0.00316654
695,78.243,109.065,137.084,0.293902,-0.00116252
696,78.9643,109.065,137.084,0.417358,0.00921866
697,81.3438,109.065,137.084,0.528795,0.0301333
698,83.813,83.9661,109.765,0.604251,0.0303552
699,84.8719,83.9661,109.765,0.645432,0.0126336
700,84.4536,83.9661,109.765,0.524487,-0.00492855
701,84.2406,83.9661,109.765,0.4441,-0.00252157
702,82.5981,68.7116,95.639,0.379949,-0.019498
703,81.6648,68.7116,95.639,0.290547,-0.0112988
704,80.7762,86.8121,115.475,0.253076,-0.0108813
705,80.1694,86.8121,115.475,0.221726,-0.00751204
706,79.4086,86.8121,115.475,0.221963,-0.00949021
707,80.7725,86.8121,115.475,0.40847,0.0171763
708,79.9132,86.2258,113.723,0.363071,-0.0106387
709,80.345,86.2258,113.723,0.459167,0.00540231
710,79.1563,86.2258,113.723,0.430919,-0.0147945
711,80.3605,86.2258,113.723,0.522468,0.0152127
712,80.1745,86.2258,113.723,0.469935,-0.00231474
713,79.6024,86.2258,113.723,0.40046,-0.00713484
714,78.5093,86.2258,113.723,0.341784,-0.0137319
715,78.8836,86.2258,113.723,0.485199,0.00476769
716,78.4624,99.3781,126.004,0.459332,-0.00534017
717,78.5288,110.668,137.618,0.55286,0.000845876
718,79.36,103.274,129.195,0.604938,0.0105852
719,78.9318,103.274,129.195,0.47611,-0.00539513
720,78.8952,103.274,129.195,0.433137,-0.000463705
721,79.6053,103.274,129.195,0.578659,0.00899959
722,80.0099,94.5815,120.165,0.678207,0.00508328
723,80.1122,90.8496,114.994,0.722854,0.00127893
724,80.9515,90.8496,114.994,0.73185,0.0104762
725,81.525,81.3336,104.576,0.768073,0.00708426
726,84.4197,74.9153,97.4789,0.777718,0.0355067
727,83.1209,40.0592,62.2411,0.597195,-0.0153847
728,82.8801,69.8132,95.9903,0.473845,-0.00289678
729,82.082,72.8226,101.459,0.400573,-0.00963048
730,82.2738,72.8226,101.459,0.537141,0.00233702
731,82.6906,72.8226,101.459,0.637045,0.00506587
732,82.3721,72.8226,101.459,0.508744,-0.00385187
733,81.3231,72.8226,101.459,0.431571,-0.0127337
734,81.1475,72.8226,101.459,0.432404,-0.00215971
735,82.7619,91.9913,121.357,0.501173,0.0198945
736,84.4862,91.9913,121.357,0.584564,0.0208347
737,85.1211,91.9913,121.357,0.624014,0.0075142
738,84.2698,42.3557,68.5135,0.468625,-0.0100009
739,84.347,42.3557,68.5135,0.579001,0.00091654
740,85.6569,42.3557,68.5135,0.622594,0.0155296
741,86.4065,36.3517,62.5216,0.692303,0.00875133
742,87.6573,36.3517,62.5216,0.739016,0.0144759
743,86.877,36.3517,62.5216,0.602887,-0.00890254
744,86.9906,36.3517,62.5216,0.651735,0.0013083
745,86.4223,36.3517,62.5216,0.509954,-0.00653245
746,85.7437,36.3517,62.5216,0.399519,-0.00785233
747,85.5526,36.3517,62.5216,0.343473,-0.00222868
748,85.4358,36.3517,62.5216,0.267983,-0.00136581
749,85.7754,36.3517,62.5216,0.419496,0.00397553
750,84.2198,36.3517,62.5216,0.357935,-0.0181366
751,84.6984,36.3517,62.5216,0.480684,0.00568271
752,84.7283,36.3517,62.5216,0.585447,0.000353404
753,85.0077,47.3749,74.3275,0.664201,0.00329752
754,84.5044,47.3749,74.3275,0.53132,-0.00591997
755,85.0179,63.1549,91.3018,0.59792,0.00607556
756,86.3458,63.1549,91.3018,0.659433,0.0156192
757,85.4143,63.1549,91.3018,0.533453,-0.0107881
758,84.8611,63.1549,91.3018,0.44489,-0.00647657
759,84.0423,58.9954,88.8999,0.314088,-0.00964859
760,85.4808,58.9954,88.8999,0.434085,0.0171168
761,86.9768,41.2882,71.4034,0.582058,0.0175004
762,85.8944,23.2169,50.2669,0.467105,-0.0124445
763,86.9274,23.2169,50.2669,0.522555,0.0120265
764,87.8865,23.7287,52.1246,0.609823,0.0110334
765,85.5401,23.7287,52.1246,0.483572,-0.0266982
766,87.1714,23.7287,52.1246,0.62187,0.0190713
767,87.524,23.7287,52.1246,0.662534,0.00404385
768,87.3275,23.7287,52.1246,0.59449,-0.00224471
769,87.3166,31.9874,58.6218,0.526185,-0.000124621
770,87.292,31.9874,58.6218,0.454879,-0.000281966
771,86.6209,31.9874,58.6218,0.387132,-0.00768778
772,87.5196,41.303,72.6248,0.506563,0.0103753
773,86.9898,41.303,72.6248,0.363806,-0.00605365
774,86.4654,36.9961,68.8149,0.358382,-0.00602794
775,85.2339,36.9961,68.8149,0.305684,-0.0142429
776,86.8397,56.4209,89.2769,0.431525,0.0188394
777,86.7447,56.4209,89.2769,0.325253,-0.00109327
778,89.3726,41.4127,73.988,0.439931,0.030294
779,87.3595,8.85214,39.6652,0.37288,-0.0225249
780,86.5068,8.85214,39.6652,0.327814,-0.00976047
781,86.0229,8.85214,39.6652,0.2859,-0.00559429
782,85.7447,52.2494,85.6722,0.317053,-0.0032339
783,86.022,52.2494,85.6722,0.463187,0.00323424
784,84.654,52.2494,85.6722,0.419063,-0.0159024
785,84.4377,52.2494,85.6722,0.351674,-0.00255557
786,84.7553,52.2494,85.6722,0.431458,0.00376141
787,85.8648,52.2494,85.6722,0.597932,0.0130909
788,84.3213,52.2494,85.6722,0.510577,-0.0179761
789,83.1917,52.2494,85.6722,0.419803,-0.0133963
790,83.785,52.2494,85.6722,0.513645,0.00713203
791,84.3615,52.2494,85.6722,0.619032,0.00688005
792,83.6423,58.2918,86.592,0.498726,-0.00852534
793,83.6032,75.3839,105.714,0.382266,-0.000467673
794,82.3449,75.3839,105.714,0.282655,-0.0150503
795,82.5736,87.1502,120.682,0.423224,0.00277768
796,81.8997,87.1502,120.682,0.315708,-0.00816099
797,80.5653,87.1502,120.682,0.283341,-0.0162933
798,80.2422,87.1502,120.682,0.24187,-0.00401029
799,79.7546,104.051,138.034,0.176152,-0.00607647
800,79.9927,104.051,138.034,0.299009,0.00298476
801,79.3424,98.8683,132.202,0.284078,-0.00812931
802,79.7663,111.991,145.493,0.407738,0.00534254
803,79.3407,111.991,145.493,0.386198,-0.0053359
804,79.7091,112.073,144.441,0.523744,0.00464342
805,77.8915,112.073,144.441,0.404079,-0.0228024
806,77.8548,120.828,153.009,0.358296,-0.000471379
807,77.757,121.061,153.598,0.31967,-0.00125575
808,77.6247,121.492,154.269,0.258349,-0.00170225
809,78.2092,121.919,154.98,0.390954,0.00752995
810,78.4935,118.77,151.422,0.521275,0.0036348
811,77.8418,118.77,151.422,0.419592,-0.00830212
812,77.7055,118.77,151.422,0.365349,-0.0017513
813,76.2757,118.77,151.422,0.321415,-0.0183994
814,76.7319,127.541,160.498,0.398446,0.00598025
815,76.7932,124.648,157.372,0.505703,0.000798645
816,77.6554,124.648,157.372,0.605122,0.0112277
817,77.898,121.848,153.614,0.67731,0.00312437
818,78.0062,121.848,153.614,0.759754,0.0013882
819,77.9085,121.848,153.614,0.589716,-0.00125154
820,77.9747,121.848,153.614,0.669989,0.000849051
821,77.2882,120.531,151.89,0.49823,-0.00880336
822,76.7589,120.531,151.89,0.380366,-0.00684852
823,77.3972,120.531,151.89,0.469558,0.00831525
824,77.5487,123.368,156.288,0.607483,0.00195785
825,77.0204,123.368,156.288,0.520525,-0.0068129
826,75.8823,131.569,164.017,0.403032,-0.0147762
827,74.9843,131.569,164.017,0.343177,-0.0118347
828,74.3121,131.569,164.017,0.269829,-0.00896464
829,74.3341,131.569,164.017,0.398167,0.000295861
830,75.2985,131.569,164.017,0.531253,0.0129738
831,74.7147,135.229,167.599,0.435481,-0.00775301
832,75.4143,135.229,167.599,0.547183,0.00936383
833,76.0945,135.229,167.599,0.614972,0.00902034
834,77.8067,135.229,167.599,0.696779,0.0225003
835,78.0922,135.229,167.599,0.756748,0.00366934
836,78.4197,135.229,167.599,0.77042,0.00419364
837,78.1753,116.441,146.549,0.563855,-0.0031168
838,79.0458,116.441,146.549,0.617165,0.0111358
839,78.6578,116.441,146.549,0.471697,-0.00490828
840,79.5175,121.704,155.093,0.5886,0.0109289
841,81.2394,121.704,155.093,0.640907,0.0216544
842,83.049,100.275,132.023,0.671239,0.0222747
843,83.6067,100.275,132.023,0.724166,0.00671573
844,81.5758,100.275,132.023,0.596789,-0.0242904
845,81.2884,100.275,132.023,0.452789,-0.00352314
846,80.8895,106.861,140.749,0.391691,-0.00490831
847,81.1887,106.861,140.749,0.486717,0.00369945
848,80.5044,101.52,135.077,0.351934,-0.00842868
849,79.975,113.24,148.315,0.313508,-0.00657573
850,80.0112,113.24,148.315,0.516707,0.000452212
851,79.7241,113.24,148.315,0.442405,-0.00358743
852,80.1883,113.24,148.315,0.562033,0.00582155
853,79.2988,113.24,148.315,0.381083,-0.0110923
854,81.6343,113.24,148.315,0.483028,0.0294525
855,81.3396,113.24,148.315,0.347102,-0.00360986
856,81.5924,113.24,148.315,0.459338,0.00310687
857,80.6871,113.24,148.315,0.42565,-0.0110946
858,81.023,113.24,148.315,0.468986,0.00416252
859,79.4771,104.189,138.134,0.405389,-0.019079
860,80.6356,104.189,138.134,0.547753,0.014576
861,80.5066,104.189,138.134,0.473295,-0.00159938
862,80.1656,104.189,138.134,0.381136,-0.00423634
863,79.3693,104.189,138.134,0.266067,-0.00993349
864,80.9994,104.189,138.134,0.447586,0.0205384
865,81.4107,104.189,138.134,0.499135,0.00507849
866,82.785,104.189,138.134,0.542294,0.0168811
867,83.9708,104.189,138.134,0.644738,0.0143231
868,84.6566,83.484,115.376,0.67768,0.00816691
869,84.1141,83.484,115.376,0.54576,-0.00640733
870,81.7466,83.484,115.376,0.47327,-0.0281471
871,82.734,109.198,143.384,0.656009,0.0120794
872,80.9377,95.3555,127.429,0.484897,-0.0217125
873,81.701,95.3555,127.429,0.604591,0.00943135
874,81.8035,95.3555,127.429,0.669558,0.00125468
875,82.9289,102.72,134.639,0.728998,0.0137571
876,83.9866,102.72,134.639,0.778047,0.0127542
877,83.5136,82.9819,113.195,0.597378,-0.00563151
878,81.7364,97.6116,130.868,0.447015,-0.02128
879,79.954,113.696,149.196,0.400837,-0.0218073
880,82.1683,113.696,149.196,0.495573,0.0276943
881,81.93,102.322,137.187,0.457405,-0.00289967
882,81.0352,102.322,137.187,0.389327,-0.0109211
883,80.256,102.322,137.187,0.371363,-0.00961629
884,80.919,102.322,137.187,0.473953,0.0082608
885,81.0508,113.475,148.655,0.604697,0.00162922
886,79.2953,113.475,148.655,0.462689,-0.0216586
887,78.5548,113.475,148.655,0.364072,-0.00933906
888,78.0833,113.475,148.655,0.31007,-0.00600192
889,79.2653,113.475,148.655,0.377287,0.0151377
890,76.9162,113.475,148.655,0.325134,-0.0296358
891,76.9227,113.475,148.655,0.454011,8.45845e-05
892,77.7316,113.475,148.655,0.524118,0.0105153
893,77.1431,145.249,179.632,0.418646,-0.00757101
894,77.5397,145.249,179.632,0.534732,0.00514168
895,77.4442,145.249,179.632,0.419254,-0.00123205
896,80.1432,159.3,195.471,0.516617,0.0348508
897,80.1102,159.3,195.471,0.401325,-0.00041159
898,80.6702,132.74,169.241,0.519691,0.00698954
899,82.0476,132.74,169.241,0.573265,0.0170755
900,82.0427,132.74,169.241,0.445706,-6.06354e-05
901,80.5115,132.74,169.241,0.378975,-0.0186631
902,79.4387,132.74,169.241,0.301294,-0.0133252
903,79.8013,138.874,176.794,0.420229,0.00456461
904,81.4341,138.874,176.794,0.575325,0.0204611
905,80.1789,138.874,176.794,0.489687,-0.0154138
906,82.3595,133.032,168.559,0.589891,0.0271968
907,83.0984,133.032,168.559,0.650243,0.00897174
908,83.7788,133.032,168.559,0.666425,0.00818764
909,83.6511,133.032,168.559,0.557793,-0.00152392
910,83.9245,133.032,168.559,0.617687,0.00326886
911,83.661,133.032,168.559,0.493336,-0.00313994
912,84.2392,108.727,144.216,0.547006,0.00691155
913,84.9911,108.727,144.216,0.635741,0.00892518
914,83.7798,94.8069,128.844,0.549997,-0.0142517
915,82.9092,94.8069,128.844,0.426555,-0.0103919
916,83.8232,94.8069,128.844,0.576031,0.0110237
917,80.7566,94.8069,128.844,0.467744,-0.0365841
918,82.0017,94.8069,128.844,0.493324,0.0154181
919,80.1827,94.8069,128.844,0.394228,-0.0221825
920,79.2228,135.396,172.236,0.286811,-0.0119714
921,79.9297,135.396,172.236,0.46698,0.00892294
922,78.3205,135.396,172.236,0.338124,-0.0201328
923,77.6116,146.629,183.973,0.299471,-0.00905035
924,77.407,146.629,183.973,0.241304,-0.00263614
925,78.1371,151.246,189.324,0.403275,0.00943085
926,77.4795,151.246,189.324,0.361366,-0.00841588
927,78.5171,150.997,188.332,0.536988,0.0133924
928,77.0759,150.997,188.332,0.43,-0.0183548
929,77.7008,150.997,188.332,0.538611,0.00810741
930,77.3874,147.362,183.874,0.36346,-0.00403421
931,75.2571,152.576,190.173,0.257246,-0.0275277
932,75.8452,152.576,190.173,0.430236,0.00781504
933,75.782,152.576,190.173,0.395064,-0.000833601
934,76.2277,157.422,194.862,0.548606,0.00588179
935,77.4582,157.422,194.862,0.660559,0.0161421
936,78.3763,157.422,194.862,0.690457,0.0118532
937,78.2058,157.422,194.862,0.657285,-0.00217564
938,78.0956,157.422,194.862,0.467562,-0.00140931
939,78.4221,157.422,194.862,0.56904,0.00418109
940,77.7891,157.422,194.862,0.413609,-0.00807139
941,77.4523,153.428,190.818,0.354065,-0.00433066
942,77.7561,153.428,190.818,0.48429,0.00392321
943,76.8098,153.428,190.818,0.408237,-0.0121704
944,75.7066,153.428,190.818,0.358015,-0.0143622
945,75.1133,153.428,190.818,0.383701,-0.00783728
946,76.4885,156.114,193.545,0.540149,0.0183077
947,77.0286,156.114,193.545,0.64331,0.00706208
948,75.8673,156.114,193.545,0.48899,-0.0150761
949,76.2118,156.114,193.545,0.592727,0.00454003
950,78.1969,156.114,193.545,0.667115,0.0260479
951,78.2954,156.114,193.545,0.752284,0.00125945
952,78.441,156.114,193.545,0.775845,0.00185892
953,79.0955,156.114,193.545,0.793891,0.00834454
954,78.5805,156.114,193.545,0.585147,-0.00651089
955,79.4251,156.114,193.545,0.633068,0.0107482
956,78.8667,156.114,193.545,0.50685,-0.00703076
957,79.6264,156.114,193.545,0.605216,0.00963208
958,80.4779,156.114,193.545,0.661971,0.0106938
959,79.5537,156.114,193.545,0.499509,-0.0114835
960,79.7845,156.114,193.545,0.611212,0.00290082
961,81.1968,156.114,193.545,0.644586,0.0177015
962,79.7975,156.114,193.545,0.555827,-0.0172336
963,79.091,155.747,193.522,0.426682,-0.00885257
964,78.3089,155.747,193.522,0.338088,-0.00988875
965,78.8826,155.747,193.522,0.493896,0.00732595
966,78.0152,155.747,193.522,0.394866,-0.0109968
967,78.3037,155.444,193.307,0.567662,0.00369856
968,77.4764,158.001,196.405,0.424755,-0.0105658
969,76.7784,156.183,194.365,0.327632,-0.00900853
970,76.9851,154.768,192.653,0.488137,0.00269157
971,76.1521,154.768,192.653,0.361705,-0.0108204
972,78.4772,154.768,192.653,0.493679,0.0305333
973,78.8861,154.768,192.653,0.596543,0.00521003
974,79.6411,154.768,192.653,0.699813,0.00957091
975,79.5974,154.768,192.653,0.528106,-0.0005485
976,79.2305,154.768,192.653,0.418544,-0.00461014
977,79.6898,162.094,200.386,0.521747,0.00579734
978,78.6485,162.094,200.386,0.416865,-0.013067
979,78.2158,162.094,200.386,0.347121,-0.00550181
980,79.4524,162.094,200.386,0.45292,0.0158108
981,80.5671,162.094,200.386,0.497064,0.0140291
982,80.5849,162.094,200.386,0.557832,0.00022065
983,79.4653,162.094,200.386,0.486978,-0.0138936
984,80.724,162.094,200.386,0.587623,0.0158401
985,80.3941,172.028,211.402,0.437802,-0.00408654
986,80.8791,172.028,211.402,0.513601,0.00603219
987,80.8637,172.028,211.402,0.399764,-0.000190309
988,79.5201,172.028,211.402,0.349216,-0.0166156
989,79.6302,165.446,203.676,0.486965,0.00138459
990,78.5487,165.446,203.676,0.378089,-0.0135809
991,77.9298,165.446,203.676,0.294558,-0.00787934
992,80.277,159.045,196.954,0.475819,0.0301186
993,80.6872,159.045,196.954,0.519373,0.00510996
994,79.5888,177.782,217.448,0.476743,-0.0136126
995,78.5794,177.782,217.448,0.355618,-0.0126832
996,78.1528,165.391,204.024,0.311495,-0.00542864
997,77.8039,165.391,204.024,0.292937,-0.00446441
998,76.6495,165.391,204.024,0.288912,-0.0148375
999,75.9864,165.391,204.024,0.232682,-0.00864993
