TimeStep,Price,Bid,Ask,Inventory,PnL,TotalValue
0,100,99.5,100.5,0,0,275.194
1,98.1034,97.6034,98.6034,0,0,265.711
2,98.2964,97.7964,98.7964,0,0,266.676
3,98.5055,98.0155,99.0155,-1,0,267.721
4,96.7412,96.2512,97.2512,-1,0,258.9
5,98.1751,97.6851,98.6851,-1,0,266.069
6,98.9391,98.4491,99.4491,-1,0,269.889
7,99.0244,98.5344,99.5344,-1,0,270.316
8,99.2988,98.8188,99.8188,-2,-0.737935,271.688
9,100.148,99.6677,100.668,-2,-0.737935,275.932
10,101.106,100.626,101.626,-2,-0.737935,280.725
11,101.45,100.97,101.97,-2,-0.737935,282.442
12,100.342,99.8618,100.862,-2,-0.737935,276.903
13,100.554,100.064,101.064,-1,-1.39286,277.965
14,98.1086,97.6186,98.6186,-1,-1.39286,265.737
15,98.4407,97.9507,98.9507,-1,-1.39286,267.397
16,97.7944,97.3044,98.3044,-1,-1.39286,264.166
17,101.356,100.866,101.866,-1,-1.39286,281.974
18,102.101,101.621,102.621,-2,-3.3971,285.697
19,102.296,101.816,102.816,-2,-3.3971,286.674
20,101.892,101.412,102.412,-2,-3.3971,284.652
21,100.141,99.6608,100.661,-2,-3.3971,275.898
22,100.163,99.6831,100.683,-2,-3.3971,276.009
23,99.9434,99.4734,100.473,-3,-1.03111,274.911
24,99.7335,99.2635,100.263,-3,-1.03111,273.861
25,100.759,100.289,101.289,-3,-1.03111,278.989
26,100.737,100.267,101.267,-3,-1.03111,278.877
27,100.224,99.7538,100.754,-3,-1.03111,276.313
28,100.252,99.7724,100.772,-2,1.75676,276.456
29,100.173,99.7033,100.703,-3,-0.28057,276.06
30,99.3641,98.8941,99.8941,-3,-0.28057,272.015
31,101.048,100.578,101.578,-3,-0.28057,280.435
32,100.849,100.389,101.389,-4,-2.69802,279.439
33,102.294,101.834,102.834,-4,-2.69802,286.662
34,102.473,102.013,103.013,-4,-2.69802,287.561
35,105.856,105.406,106.406,-5,-8.43864,304.474
36,104.85,104.4,105.4,-5,-8.43864,299.445
37,105.512,105.052,106.052,-4,-15.3724,302.756
38,103.59,103.14,104.14,-5,-21.9817,293.141
39,104.323,103.863,104.863,-4,-7.4168,296.807
40,104.836,104.376,105.376,-4,-7.4168,299.376
41,101.391,100.931,101.931,-4,-7.4168,282.146
42,102.084,101.624,102.624,-4,-7.4168,285.613
43,98.3057,97.8457,98.8457,-4,-7.4168,266.722
44,98.2362,97.7662,98.7662,-3,13.7585,266.375
45,96.4693,95.9893,96.9893,-2,13.9971,257.54
46,96.9348,96.4548,97.4548,-2,13.9971,259.868
47,97.4524,96.9824,97.9824,-3,14.6197,262.456
48,96.1601,95.7001,96.7001,-4,13.0371,255.994
49,95.5148,95.0548,96.0548,-4,13.0371,252.768
50,95.238,94.768,95.768,-3,24.7474,251.384
51,95.1175,94.6375,95.6375,-2,25.6079,250.781
52,95.6827,95.1927,96.1927,-1,25.8688,253.607
53,94.9518,94.4618,95.4618,-1,25.8688,249.953
54,96.411,95.921,96.921,-1,25.8688,257.249
55,96.1772,95.6872,96.6872,-1,25.8688,256.08
56,96.9052,96.4152,97.4152,-1,25.8688,259.72
57,95.9364,95.4564,96.4564,-2,23.0911,254.876
58,96.6759,96.1859,97.1859,-1,27.0087,258.573
59,97.9522,97.4622,98.4622,-1,27.0087,264.955
60,98.3474,97.8574,98.8574,-1,27.0087,266.931
61,98.9455,98.4655,99.4655,-2,23.6078,269.921
62,96.4516,95.9716,96.9716,-2,23.6078,257.452
63,96.4821,95.9921,96.9921,-1,29.3793,257.604
64,94.9917,94.5017,95.5017,-1,29.3793,250.152
65,93.7706,93.2806,94.2806,-1,29.3793,244.047
66,93.1322,92.6422,93.6422,-1,29.3793,240.855
67,94.6802,94.1902,95.1902,-1,29.3793,248.595
68,93.6107,93.1207,94.1207,-1,29.3793,243.247
69,94.4198,93.9198,94.9198,0,32.2302,247.293
70,95.1434,94.6434,95.6434,0,32.2302,250.911
71,94.3388,93.8388,94.8388,0,32.2302,246.888
72,95.2284,94.7284,95.7284,0,32.2302,251.336
73,93.4868,92.9868,93.9868,0,32.2302,242.628
74,93.0764,92.5664,93.5664,1,32.2302,240.576
75,92.9617,92.4517,93.4517,1,32.2302,240.002
76,92.479,91.969,92.969,1,32.2302,237.589
77,89.9317,89.4217,90.4217,1,32.2302,224.852
78,88.9215,88.4115,89.4115,1,32.2302,219.801
79,88.7112,88.2012,89.2012,1,32.2302,218.75
80,85.8987,85.3787,86.3787,2,27.4446,204.687
81,86.7158,86.1958,87.1958,2,27.4446,208.773
82,86.2236,85.7036,86.7036,2,27.4446,206.312
83,86.9402,86.4202,87.4202,2,27.4446,209.895
84,85.3539,84.8339,85.8339,2,27.4446,201.963
85,84.517,83.997,84.997,2,27.4446,197.779
86,85.0566,84.5366,85.5366,2,27.4446,200.477
87,84.4911,83.9711,84.9711,2,27.4446,197.649
88,83.997,83.477,84.477,2,27.4446,195.179
89,82.4408,81.9108,82.9108,3,17.9964,187.398
90,80.4188,79.8888,80.8888,3,17.9964,177.288
91,81.8792,81.3492,82.3492,3,17.9964,184.59
92,80.2283,79.6983,80.6983,3,17.9964,176.335
93,80.3967,79.8567,80.8567,4,6.66029,177.177
94,80.2564,79.7264,80.7264,3,11.2938,176.476
95,79.7729,79.2429,80.2429,3,11.2938,174.058
96,80.1761,79.6461,80.6461,3,11.2938,176.074
97,80.7003,80.1703,81.1703,3,11.2938,178.695
98,81.4234,80.8934,81.8934,3,11.2938,182.311
99,81.7735,81.2435,82.2435,3,11.2938,184.061
100,82.5551,82.0251,83.0251,3,11.2938,187.969
101,81.0254,80.5054,81.5054,2,17.7989,180.321
102,80.4231,79.9031,80.9031,2,17.7989,177.309
103,79.4308,78.9108,79.9108,2,17.7989,172.348
104,78.054,77.534,78.534,2,17.7989,165.464
105,77.0737,76.5437,77.5437,3,6.81663,160.562
106,75.679,75.149,76.149,3,6.81663,153.589
107,76.7221,76.1921,77.1921,3,6.81663,158.805
108,76.8711,76.3511,77.3511,2,5.79121,159.549
109,76.1478,75.6278,76.6278,2,5.79121,155.933
110,74.2749,73.7449,74.7449,3,2.66248,146.568
111,74.2027,73.6727,74.6727,3,2.66248,146.207
112,74.3836,73.8536,74.8536,3,2.66248,147.112
113,74.9433,74.4133,75.4133,3,2.66248,149.91
114,74.3284,73.7984,74.7984,3,2.66248,146.836
115,74.5434,74.0034,75.0034,4,-2.82574,147.911
116,73.9031,73.3631,74.3631,4,-2.82574,144.709
117,73.652,73.112,74.112,4,-2.82574,143.454
118,72.5834,72.0434,73.0434,4,-2.82574,138.111
119,70.725,70.175,71.175,5,-9.84579,128.819
120,69.5936,69.0336,70.0336,6,-19.1875,123.162
121,70.1248,69.5648,70.5648,6,-19.1875,125.818
122,70.2849,69.7349,70.7349,5,-16.8489,126.618
123,69.0607,68.5107,69.5107,5,-16.8489,120.498
124,69.0411,68.4911,69.4911,5,-16.8489,120.399
125,70.7455,70.1855,71.1855,6,-27.2171,128.921
126,70.213,69.653,70.653,6,-27.2171,126.259
127,69.8565,69.2865,70.2865,7,-20.2463,124.476
128,69.6781,69.1081,70.1081,7,-20.2463,123.584
129,69.0291,68.4591,69.4591,7,-20.2463,120.339
130,68.5812,68.0112,69.0112,7,-20.2463,118.1
131,69.1949,68.6249,69.6249,7,-20.2463,121.168
132,70.357,69.797,70.797,6,-20.4427,126.979
133,68.3907,67.8307,68.8307,6,-20.4427,117.147
134,69.3436,68.7736,69.7736,7,-31.2078,121.912
135,69.4963,68.9263,69.9263,7,-31.2078,122.675
136,69.699,69.129,70.129,7,-31.2078,123.689
137,69.7313,69.1613,70.1613,7,-31.2078,123.85
138,70.9414,70.3814,71.3814,6,-14.8938,129.901
139,71.5655,71.0155,72.0155,5,-7.5733,133.021
140,70.3154,69.7654,70.7654,5,-7.5733,126.771
141,68.8707,68.3107,69.3107,6,-15.6533,119.547
142,69.3241,68.7641,69.7641,6,-15.6533,121.814
143,69.1464,68.5864,69.5864,6,-15.6533,120.926
144,69.7003,69.1403,70.1403,6,-15.6533,123.695
145,68.4224,67.8624,68.8624,6,-15.6533,117.306
146,70.2446,69.6846,70.6846,6,-15.6533,126.417
147,70.6714,70.1114,71.1114,6,-15.6533,128.551
148,69.6013,69.0413,70.0413,6,-15.6533,123.2
149,70.076,69.516,70.516,6,-15.6533,125.574
150,69.998,69.438,70.438,6,-15.6533,125.184
151,68.6911,68.1211,69.1211,7,-17.6173,118.649
152,67.9164,67.3464,68.3464,7,-17.6173,114.776
153,68.2486,67.6786,68.6786,7,-17.6173,116.437
154,67.4961,66.9261,67.9261,7,-17.6173,112.674
155,67.3192,66.7392,67.7392,8,-35.201,111.79
156,66.3523,65.7623,66.7623,9,-36.6963,106.955
157,66.2574,65.6674,66.6674,9,-36.6963,106.481
158,65.64,65.05,66.05,9,-36.6963,103.394
159,65.6602,65.0702,66.0702,9,-36.6963,103.495
160,66.2182,65.6282,66.6282,9,-36.6963,106.285
161,65.8733,65.2933,66.2933,8,-37.6954,104.56
162,66.2485,65.6585,66.6585,9,-48.3746,106.436
163,65.939,65.349,66.349,9,-48.3746,104.889
164,65.4246,64.8246,65.8246,10,-47.8729,102.317
165,63.7919,63.1819,64.1819,11,-53.1172,94.1531
166,65.2133,64.6033,65.6033,11,-53.1172,101.26
167,66.455,65.855,66.855,10,-44.5509,107.469
168,66.6516,66.0516,67.0516,10,-44.5509,108.452
169,65.528,64.928,65.928,10,-44.5509,102.834
170,65.6216,65.0116,66.0116,11,-51.3042,103.302
171,64.9177,64.3177,65.3177,10,-39.385,99.7823
172,64.8715,64.2715,65.2715,10,-39.385,99.551
173,66.4004,65.8004,66.8004,10,-39.385,107.196
174,67.0164,66.4164,67.4164,10,-39.385,110.276
175,66.8393,66.2393,67.2393,10,-39.385,109.39
176,67.9053,67.3053,68.3053,10,-39.385,114.72
177,67.1143,66.5143,67.5143,10,-39.385,110.765
178,67.8516,67.2416,68.2416,11,-34.3577,114.452
179,67.1697,66.5597,67.5597,11,-34.3577,111.042
180,67.8934,67.2834,68.2834,11,-34.3577,114.661
181,69.056,68.456,69.456,10,-14.8976,120.474
182,70.3762,69.7762,70.7762,10,-14.8976,127.075
183,70.2663,69.6663,70.6663,10,-14.8976,126.525
184,67.5133,66.9133,67.9133,10,-14.8976,112.76
185,68.5571,67.9571,68.9571,10,-14.8976,117.979
186,69.8579,69.2579,70.2579,10,-14.8976,124.483
187,69.6584,69.0584,70.0584,10,-14.8976,123.486
188,70.3469,69.7469,70.7469,10,-14.8976,126.928
189,69.4537,68.8537,69.8537,10,-14.8976,122.462
190,68.7111,68.1111,69.1111,10,-14.8976,118.749
191,67.616,67.016,68.016,10,-14.8976,113.274
192,69.4102,68.8102,69.8102,10,-14.8976,122.245
193,69.4051,68.8051,69.8051,10,-14.8976,122.219
194,69.1207,68.5207,69.5207,10,-14.8976,120.797
195,69.6351,69.0251,70.0251,11,-12.5248,123.369
196,70.2078,69.6078,70.6078,10,4.0243,126.233
197,71.464,70.874,71.874,9,9.85123,132.514
198,72.0931,71.5131,72.5131,8,21.247,135.659
199,72.2219,71.6419,72.6419,8,21.247,136.303
200,71.8075,71.2275,72.2275,8,21.247,134.231
201,70.5043,69.9243,70.9243,8,21.247,127.715
202,71.2559,70.6659,71.6659,9,5.64889,131.473
203,70.1467,69.5567,70.5567,9,5.64889,125.927
204,69.059,68.459,69.459,10,2.34124,120.489
205,69.014,68.414,69.414,10,2.34124,120.264
206,68.508,67.908,68.908,10,2.34124,117.734
207,67.5214,66.9114,67.9114,11,-14.1461,112.801
208,67.0115,66.4015,67.4015,11,-14.1461,110.251
209,66.8763,66.2663,67.2663,11,-14.1461,109.575
210,66.83,66.22,67.22,11,-14.1461,109.344
211,66.0539,65.4339,66.4339,12,-32.7143,105.463
212,65.9419,65.3219,66.3219,12,-32.7143,104.903
213,66.0816,65.4616,66.4616,12,-32.7143,105.602
214,66.6271,66.0071,67.0071,12,-32.7143,108.329
215,66.5395,65.9295,66.9295,11,-23.2685,107.891
216,66.9523,66.3423,67.3423,11,-23.2685,109.955
217,67.1993,66.5993,67.5993,10,-19.5815,111.19
218,67.2211,66.6211,67.6211,10,-19.5815,111.299
219,67.1204,66.5204,67.5204,10,-19.5815,110.796
220,68.3062,67.7062,68.7062,10,-19.5815,116.725
221,68.4907,67.9007,68.9007,9,-5.94237,117.647
222,67.5055,66.9255,67.9255,8,-4.19194,112.721
223,68.782,68.202,69.202,8,-4.19194,119.104
224,68.959,68.379,69.379,8,-4.19194,119.989
225,68.4949,67.9249,68.9249,7,-0.365483,117.668
226,67.0349,66.4649,67.4649,7,-0.365483,110.368
227,67.5647,66.9947,67.9947,7,-0.365483,113.017
228,68.3873,67.8173,68.8173,7,-0.365483,117.13
229,69.8621,69.2921,70.2921,7,-0.365483,124.504
230,68.8425,68.2725,69.2725,7,-0.365483,119.406
231,68.3372,67.7572,68.7572,8,-8.11107,116.88
232,66.4776,65.8976,66.8976,8,-8.11107,107.582
233,67.6347,67.0447,68.0447,9,-27.1101,113.367
234,67.8656,67.2756,68.2756,9,-27.1101,114.522
235,68.2619,67.6819,68.6819,8,-5.7088,116.504
236,68.3056,67.7256,68.7256,8,-5.7088,116.722
237,68.1084,67.5284,68.5284,8,-5.7088,115.736
238,69.0485,68.4585,69.4585,9,-11.6863,120.436
239,68.9791,68.3891,69.3891,9,-11.6863,120.089
240,69.1072,68.5072,69.5072,10,-3.93962,120.73
241,70.8836,70.2836,71.2836,10,-3.93962,129.612
242,69.2353,68.6353,69.6353,10,-3.93962,121.37
243,70.1056,69.5056,70.5056,10,-3.93962,125.722
244,70.3514,69.7514,70.7514,10,-3.93962,126.951
245,69.3385,68.7385,69.7385,10,-3.93962,121.886
246,69.5315,68.9315,69.9315,10,-3.93962,122.851
247,68.7878,68.1878,69.1878,10,-3.93962,119.133
248,68.9518,68.3418,69.3418,11,-5.95271,119.953
249,67.8771,67.2671,68.2671,11,-5.95271,114.579
250,68.1152,67.5052,68.5052,11,-5.95271,115.77
251,68.3511,67.7511,68.7511,10,-2.46149,116.949
252,68.6589,68.0589,69.0589,10,-2.46149,118.488
253,70.3703,69.7703,70.7703,10,-2.46149,127.045
254,70.3111,69.7211,70.7211,9,20.1894,126.749
255,70.3946,69.7946,70.7946,10,10.7469,127.167
256,70.0745,69.4845,70.4845,9,21.4815,125.566
257,70.2918,69.6918,70.6918,10,9.69089,126.653
258,70.0054,69.4054,70.4054,10,9.69089,125.221
259,70.6437,70.0337,71.0337,11,8.89956,128.412
260,70.1442,69.5342,70.5342,11,8.89956,125.915
261,70.8873,70.2773,71.2773,11,8.89956,129.63
262,69.1737,68.5637,69.5637,11,8.89956,121.062
263,68.2663,67.6563,68.6563,11,8.89956,116.525
264,68.4105,67.8005,68.8005,11,8.89956,117.246
265,68.0681,67.4581,68.4581,11,8.89956,115.534
266,67.8433,67.2333,68.2333,11,8.89956,114.41
267,68.0795,67.4595,68.4595,12,-14.9937,115.591
268,65.9914,65.3814,66.3814,11,-0.2792,105.151
269,66.8428,66.2328,67.2328,11,-0.2792,109.408
270,68.3716,67.7616,68.7616,11,-0.2792,117.052
271,67.8879,67.2879,68.2879,10,3.04454,114.633
272,68.7535,68.1535,69.1535,10,3.04454,118.961
273,70.5575,69.9575,70.9575,10,3.04454,127.981
274,69.0819,68.4819,69.4819,10,3.04454,120.603
275,67.8694,67.2694,68.2694,10,3.04454,114.541
276,67.6435,67.0335,68.0335,11,-11.8777,113.411
277,67.2809,66.6709,67.6709,11,-11.8777,111.598
278,66.1632,65.5532,66.5532,11,-11.8777,106.01
279,66.0257,65.4157,66.4157,11,-11.8777,105.322
280,66.6357,66.0257,67.0257,11,-11.8777,108.372
281,67.2663,66.6563,67.6563,11,-11.8777,111.525
282,68.1152,67.5152,68.5152,10,-7.62206,115.77
283,67.8901,67.3001,68.3001,9,0.966698,114.644
284,67.6222,67.0322,68.0322,9,0.966698,113.305
285,68.5168,67.9168,68.9168,10,-12.3802,117.778
286,67.4665,66.8665,67.8665,10,-12.3802,112.526
287,67.8225,67.2225,68.2225,10,-12.3802,114.306
288,68.4339,67.8339,68.8339,10,-12.3802,117.363
289,68.5315,67.9315,68.9315,10,-12.3802,117.851
290,67.4983,66.8983,67.8983,10,-12.3802,112.685
291,66.4926,65.8826,66.8826,11,-13.719,107.657
292,64.676,64.056,65.056,12,-24.8917,98.5738
293,64.9435,64.3235,65.3235,12,-24.8917,99.9111
294,65.2632,64.6532,65.6532,11,-31.6012,101.51
295,65.7062,65.0962,66.0962,11,-31.6012,103.725
296,65.0279,64.4279,65.4279,10,-23.1014,100.333
297,65.5317,64.9317,65.9317,10,-23.1014,102.852
298,65.9066,65.3066,66.3066,10,-23.1014,104.727
299,66.7394,66.1394,67.1394,10,-23.1014,108.891
300,67.1246,66.5346,67.5346,9,-12.6689,110.817
301,66.386,65.806,66.806,8,-9.11213,107.124
302,65.8421,65.2621,66.2621,8,-9.11213,104.404
303,64.4025,63.8225,64.8225,8,-9.11213,97.2064
304,63.492,62.912,63.912,8,-9.11213,92.6536
305,62.4573,61.8773,62.8773,8,-9.11213,87.4802
306,63.1424,62.5624,63.5624,8,-9.11213,90.9059
307,63.5964,63.0264,64.0264,7,-40.8897,93.1757
308,63.2013,62.6313,63.6313,7,-40.8897,91.2003
309,63.6211,63.0511,64.0511,7,-40.8897,93.2991
310,62.8478,62.2778,63.2778,7,-40.8897,89.4328
311,63.1311,62.5611,63.5611,7,-40.8897,90.8492
312,63.1255,62.5555,63.5555,7,-40.8897,90.8214
313,63.3809,62.8109,63.8109,7,-40.8897,92.0982
314,64.3922,63.8222,64.8222,7,-40.8897,97.1547
315,64.1538,63.5938,64.5938,6,-32.0713,95.9629
316,65.9131,65.3531,66.3531,6,-32.0713,104.759
317,66.1828,65.6328,66.6328,5,-22.8857,106.108
318,64.8381,64.2881,65.2881,5,-22.8857,99.3841
319,65.0212,64.4612,65.4612,6,-33.2109,100.3
320,65.3947,64.8447,65.8447,5,-26.1721,102.167
321,65.5327,64.9827,65.9827,5,-26.1721,102.857
322,66.2132,65.6632,66.6632,5,-26.1721,106.26
323,67.2777,66.7277,67.7277,5,-26.1721,111.582
324,68.755,68.205,69.205,5,-26.1721,118.969
325,68.5285,67.9785,68.9785,5,-26.1721,117.836
326,68.2513,67.7013,68.7013,5,-26.1721,116.45
327,68.2258,67.6758,68.6758,5,-26.1721,116.323
328,69.4152,68.8652,69.8652,5,-26.1721,122.27
329,69.8465,69.2965,70.2965,5,-26.1721,124.426
330,70.2887,69.7387,70.7387,5,-26.1721,126.637
331,69.884,69.334,70.334,5,-26.1721,124.614
332,69.3681,68.8181,69.8181,5,-26.1721,122.034
333,69.7822,69.2322,70.2322,5,-26.1721,124.105
334,71.8743,71.3343,72.3343,4,-2.31728,134.565
335,70.405,69.865,70.865,4,-2.31728,127.219
336,70.2905,69.7505,70.7505,4,-2.31728,126.646
337,69.7541,69.2141,70.2141,4,-2.31728,123.964
338,70.0403,69.5003,70.5003,4,-2.31728,125.395
339,68.9862,68.4562,69.4562,3,-1.2448,120.125
340,68.9068,68.3768,69.3768,3,-1.2448,119.728
341,70.2212,69.6812,70.6812,4,-7.61521,126.3
342,69.2496,68.7096,69.7096,4,-7.61521,121.442
343,69.6431,69.1031,70.1031,4,-7.61521,123.409
344,70.2567,69.7167,70.7167,4,-7.61521,126.477
345,69.8908,69.3508,70.3508,4,-7.61521,124.648
346,70.2235,69.6735,70.6735,5,-3.71927,126.311
347,68.9554,68.4054,69.4054,5,-3.71927,119.971
348,68.2681,67.7181,68.7181,5,-3.71927,116.534
349,68.0263,67.4763,68.4763,5,-3.71927,115.325
350,68.4045,67.8545,68.8545,5,-3.71927,117.216
351,68.426,67.876,68.876,5,-3.71927,117.324
352,68.8384,68.2884,69.2884,5,-3.71927,119.386
353,68.1994,67.6494,68.6494,5,-3.71927,116.191
354,70.0953,69.5453,70.5453,5,-3.71927,125.67
355,69.627,69.077,70.077,5,-3.71927,123.329
356,70.8319,70.2819,71.2819,5,-3.71927,129.353
357,71.6133,71.0633,72.0633,5,-3.71927,133.26
358,71.6941,71.1541,72.1541,4,9.84317,133.664
359,71.6555,71.1155,72.1155,4,9.84317,133.471
360,72.5149,71.9749,72.9749,4,9.84317,137.768
361,71.7049,71.1649,72.1649,4,9.84317,133.718
362,71.92,71.37,72.37,5,6.24953,134.794
363,69.8177,69.2677,70.2677,5,6.24953,124.282
364,68.4288,67.8788,68.8788,5,6.24953,117.338
365,67.4893,66.9293,67.9293,6,-10.1807,112.64
366,67.8898,67.3298,68.3298,6,-10.1807,114.643
367,68.9989,68.4389,69.4389,6,-10.1807,120.188
368,68.9711,68.4211,69.4211,5,-0.82026,120.049
369,68.7758,68.2158,69.2158,6,-5.9095,119.073
370,68.7746,68.2146,69.2146,6,-5.9095,119.067
371,68.9632,68.4032,69.4032,6,-5.9095,120.01
372,69.0473,68.4873,69.4873,6,-5.9095,120.43
373,67.4125,66.8625,67.8625,5,0.487676,112.256
374,67.7685,67.2185,68.2185,5,0.487676,114.036
375,67.7254,67.1854,68.1854,4,-5.85624,113.821
376,67.45,66.91,67.91,4,-5.85624,112.444
377,67.5876,67.0476,68.0476,4,-5.85624,113.132
378,67.4855,66.9455,67.9455,4,-5.85624,112.621
379,68.2009,67.6509,68.6509,5,-10.9483,116.198
380,67.6524,67.1024,68.1024,5,-10.9483,113.456
381,68.5289,67.9689,68.9689,6,-10.1636,117.838
382,68.3373,67.7773,68.7773,6,-10.1636,116.88
383,69.0114,68.4514,69.4514,6,-10.1636,120.251
384,68.3035,67.7435,68.7435,6,-10.1636,116.711
385,68.1022,67.5422,68.5422,6,-10.1636,115.705
386,68.7732,68.2132,69.2132,6,-10.1636,119.06
387,68.2513,67.6913,68.6913,6,-10.1636,116.45
388,68.1747,67.6147,68.6147,6,-10.1636,116.067
389,67.7538,67.1838,68.1838,7,-7.09007,113.963
390,68.92,68.35,69.35,7,-7.09007,119.794
391,68.7842,68.2142,69.2142,7,-7.09007,119.115
392,69.0976,68.5276,69.5276,7,-7.09007,120.682
393,69.278,68.718,69.718,6,6.30042,121.584
394,69.0651,68.5151,69.5151,5,7.44267,120.519
395,69.108,68.558,69.558,5,7.44267,120.734
396,67.7693,67.2193,68.2193,5,7.44267,114.04
397,68.1692,67.6192,68.6192,5,7.44267,116.04
398,66.7204,66.1704,67.1704,5,7.44267,108.796
399,65.3741,64.8241,65.8241,5,7.44267,102.064
400,64.8906,64.3306,65.3306,6,-17.0266,99.6465
401,63.7455,63.1855,64.1855,6,-17.0266,93.9211
402,65.5321,64.9721,65.9721,6,-17.0266,102.854
403,66.138,65.578,66.578,6,-17.0266,105.884
404,65.7903,65.2403,66.2403,5,-6.50302,104.145
405,65.5981,65.0381,66.0381,6,-13.192,103.184
406,64.1821,63.6221,64.6221,6,-13.192,96.1044
407,63.8157,63.2557,64.2557,6,-13.192,94.2721
408,64.5719,64.0019,65.0019,7,-25.0995,98.0531
409,64.1548,63.5848,64.5848,7,-25.0995,95.9677
410,65.3886,64.8186,65.8186,7,-25.0995,102.137
411,66.2065,65.6365,66.6365,7,-25.0995,106.226
412,66.1456,65.5756,66.5756,7,-25.0995,105.922
413,66.37,65.8,66.8,7,-25.0995,107.044
414,67.3996,66.8296,67.8296,7,-25.0995,112.192
415,65.6299,65.0599,66.0599,7,-25.0995,103.343
416,63.1426,62.5726,63.5726,7,-25.0995,90.9067
417,63.3994,62.8194,63.8194,8,-29.881,92.1908
418,62.8138,62.2338,63.2338,8,-29.881,89.2628
419,62.9909,62.4109,63.4109,8,-29.881,90.1483
420,65.0209,64.4409,65.4409,8,-29.881,100.298
421,67.1259,66.5459,67.5459,8,-29.881,110.823
422,66.3428,65.7628,66.7628,8,-29.881,106.908
423,66.2489,65.6689,66.6689,8,-29.881,106.438
424,67.6231,67.0331,68.0331,9,-5.1105,113.309
425,66.4917,65.9017,66.9017,9,-5.1105,107.652
426,66.249,65.659,66.659,9,-5.1105,106.439
427,66.7868,66.1968,67.1968,9,-5.1105,109.128
428,66.9286,66.3386,67.3386,9,-5.1105,109.837
429,68.1073,67.5173,68.5173,9,-5.1105,115.73
430,66.6829,66.0929,67.0929,9,-5.1105,108.608
431,66.4124,65.8124,66.8124,10,-1.29492,107.256
432,65.404,64.794,65.794,11,-4.09904,102.214
433,65.757,65.137,66.137,12,-15.3024,103.979
434,66.9777,66.3577,67.3577,12,-15.3024,110.082
435,67.6756,67.0656,68.0656,11,15.4621,113.572
436,68.7475,68.1475,69.1475,10,23.2498,118.931
437,70.1559,69.5659,70.5659,9,34.0684,125.973
438,69.9164,69.3364,70.3364,8,46.8337,124.776
439,70.4357,69.8557,70.8557,8,46.8337,127.372
440,72.0693,71.4993,72.4993,7,49.1522,135.54
441,71.8798,71.3198,72.3198,6,60.6572,134.593
442,71.3077,70.7477,71.7477,6,60.6572,131.732
443,74.1151,73.5451,74.5451,7,50.1477,145.769
444,72.5859,72.0159,73.0159,7,50.1477,138.123
445,71.8695,71.2895,72.2895,8,59.0255,134.541
446,71.0969,70.5069,71.5069,9,53.2143,130.678
447,71.0141,70.4241,71.4241,9,53.2143,130.264
448,70.9057,70.3157,71.3157,9,53.2143,129.722
449,70.4413,69.8413,70.8413,10,44.4498,127.4
450,69.7101,69.1101,70.1101,10,44.4498,123.744
451,69.8945,69.2945,70.2945,10,44.4498,124.666
452,70.6016,70.0016,71.0016,10,44.4498,128.202
453,69.6836,69.0836,70.0836,10,44.4498,123.612
454,69.8862,69.2862,70.2862,10,44.4498,124.625
455,69.9195,69.3295,70.3295,9,44.1552,124.791
456,68.466,67.886,68.886,8,44.5442,117.524
457,66.9313,66.3413,67.3413,9,24.9968,109.85
458,66.7615,66.1715,67.1715,9,24.9968,109.001
459,67.2131,66.6231,67.6231,9,24.9968,111.259
460,67.796,67.206,68.206,9,24.9968,114.174
461,67.7721,67.1821,68.1821,9,24.9968,114.054
462,67.0238,66.4338,67.4338,9,24.9968,110.313
463,67.9236,67.3236,68.3236,10,11.9272,114.812
464,67.0575,66.4575,67.4575,10,11.9272,110.481
465,66.1118,65.5118,66.5118,10,11.9272,105.753
466,66.3295,65.7295,66.7295,10,11.9272,106.841
467,66.024,65.424,66.424,10,11.9272,105.314
468,66.5845,65.9845,66.9845,10,11.9272,108.116
469,66.7913,66.2013,67.2013,9,17.4335,109.15
470,67.6644,67.0744,68.0744,9,17.4335,113.516
471,68.4082,67.8282,68.8282,8,27.2429,117.235
472,67.5165,66.9365,67.9365,8,27.2429,112.776
473,66.0825,65.5025,66.5025,8,27.2429,105.606
474,65.1927,64.6127,65.6127,8,27.2429,101.157
475,65.8442,65.2542,66.2542,9,-0.451046,104.415
476,66.4964,65.9064,66.9064,9,-0.451046,107.676
477,66.3214,65.7314,66.7314,9,-0.451046,106.801
478,66.851,66.251,67.251,10,9.61754,109.449
479,66.6269,66.0269,67.0269,10,9.61754,108.328
480,66.5638,65.9638,66.9638,10,9.61754,108.013
481,67.0447,66.4447,67.4447,10,9.61754,110.417
482,67.7739,67.1739,68.1739,10,9.61754,114.063
483,67.2411,66.6411,67.6411,10,9.61754,111.399
484,66.8256,66.2256,67.2256,10,9.61754,109.322
485,67.4172,66.8172,67.8172,10,9.61754,112.28
486,67.0996,66.4996,67.4996,10,9.61754,110.692
487,67.2286,66.6286,67.6286,10,9.61754,111.337
488,69.4631,68.8631,69.8631,10,9.61754,122.509
489,69.4129,68.8129,69.8129,10,9.61754,122.258
490,70.4048,69.8048,70.8048,10,9.61754,127.218
491,69.7414,69.1514,70.1514,9,60.3516,123.901
492,70.327,69.737,70.737,9,60.3516,126.829
493,70.0004,69.4204,70.4204,8,59.741,125.196
494,69.7828,69.2028,70.2028,8,59.741,124.108
495,69.9443,69.3643,70.3643,8,59.741,124.915
496,69.9597,69.3797,70.3797,8,59.741,124.992
497,68.7579,68.1779,69.1779,8,59.741,118.983
498,66.712,66.122,67.122,9,39.2682,108.754
499,65.1821,64.5821,65.5821,10,20.7653,101.104
500,64.6909,64.0809,65.0809,11,5.36595,98.6483
501,65.2944,64.6844,65.6844,11,5.36595,101.666
502,66.3497,65.7397,66.7397,11,5.36595,106.943
503,67.4922,66.8922,67.8922,10,29.1006,112.655
504,67.0357,66.4357,67.4357,10,29.1006,110.373
505,66.4864,65.8864,66.8864,10,29.1006,107.626
506,65.206,64.596,65.596,11,20.5667,101.224
507,65.6279,65.0179,66.0179,11,20.5667,103.333
508,66.487,65.877,66.877,11,20.5667,107.629
509,66.6707,66.0707,67.0707,10,31.4633,108.547
510,67.5148,66.9148,67.9148,10,31.4633,112.768
511,67.7792,67.1892,68.1892,9,41.8419,114.09
512,68.1741,67.5841,68.5841,9,41.8419,116.064
513,70.2212,69.6312,70.6312,9,41.8419,126.3
514,68.7099,68.1199,69.1199,9,41.8419,118.743
515,69.0281,68.4381,69.4381,9,41.8419,120.334
516,70.5275,69.9375,70.9375,9,41.8419,127.831
517,70.7792,70.1992,71.1992,8,69.0457,129.09
518,71.3255,70.7555,71.7555,7,71.1395,131.821
519,71.6651,71.0951,72.0951,7,71.1395,133.519
520,72.0096,71.4496,72.4496,6,77.411,135.242
521,73.7242,73.1742,74.1742,5,79.538,143.815
522,73.2974,72.7474,73.7474,5,79.538,141.681
523,73.4122,72.8622,73.8622,5,79.538,142.255
524,73.8664,73.3264,74.3264,4,86.6008,144.526
525,73.0948,72.5648,73.5648,3,88.4576,140.668
526,71.603,71.063,72.063,4,83.173,133.209
527,70.8585,70.3185,71.3185,4,83.173,129.486
528,71.4858,70.9358,71.9358,5,74.1878,132.623
529,72.3033,71.7533,72.7533,5,74.1878,136.71
530,72.1865,71.6365,72.6365,5,74.1878,136.126
531,72.2141,71.6641,72.6641,5,74.1878,136.264
532,72.322,71.782,72.782,4,85.9155,136.804
533,72.064,71.534,72.534,3,86.3872,135.514
534,73.9918,73.4618,74.4618,3,86.3872,145.153
535,73.3698,72.8398,73.8398,3,86.3872,142.043
536,71.0018,70.4618,71.4618,4,86.5604,130.203
537,70.562,70.022,71.022,4,86.5604,128.004
538,70.9538,70.4138,71.4138,4,86.5604,129.963
539,72.8706,72.3306,73.3306,4,86.5604,139.547
540,71.9761,71.4361,72.4361,4,86.5604,135.074
541,72.9458,72.4058,73.4058,4,86.5604,139.923
542,73.0173,72.4773,73.4773,4,86.5604,140.28
543,72.2478,71.7078,72.7078,4,86.5604,136.433
544,73.3253,72.7853,73.7853,4,86.5604,141.82
545,75.9011,75.3711,76.3711,3,90.3427,154.699
546,74.8524,74.3324,75.3324,2,98.1002,149.456
547,75.3164,74.7864,75.7864,3,94.0226,151.776
548,74.7957,74.2657,75.2657,3,94.0226,149.172
549,74.5372,74.0072,75.0072,3,94.0226,147.88
550,74.2203,73.6903,74.6903,3,94.0226,146.295
551,74.3198,73.7898,74.7898,3,94.0226,146.793
552,73.2755,72.7555,73.7555,2,95.3948,141.571
553,71.9022,71.3822,72.3822,2,95.3948,134.705
554,71.6817,71.1617,72.1617,2,95.3948,133.602
555,71.9674,71.4374,72.4374,3,88.1387,135.031
556,72.6291,72.0991,73.0991,3,88.1387,138.339
557,72.465,71.935,72.935,3,88.1387,137.519
558,72.7446,72.2146,73.2146,3,88.1387,138.917
559,71.8182,71.2982,72.2982,2,94.2974,134.285
560,74.1205,73.6005,74.6005,2,94.2974,145.796
561,73.0122,72.4922,73.4922,2,94.2974,140.255
562,73.6781,73.1581,74.1581,2,94.2974,143.584
563,73.8407,73.3207,74.3207,2,94.2974,144.397
564,73.3889,72.8689,73.8689,2,94.2974,142.138
565,73.1733,72.6533,73.6533,2,94.2974,141.06
566,73.7931,73.2631,74.2631,3,93.1749,144.159
567,72.3805,71.8505,72.8505,3,93.1749,137.096
568,71.8677,71.3377,72.3377,3,93.1749,134.532
569,70.7337,70.1937,71.1937,4,89.2281,128.862
570,71.3219,70.7819,71.7819,4,89.2281,131.803
571,70.7574,70.2274,71.2274,3,91.0047,128.981
572,71.1922,70.6622,71.6622,3,91.0047,131.155
573,71.2339,70.7039,71.7039,3,91.0047,131.363
574,70.3267,69.7967,70.7967,3,91.0047,126.827
575,70.135,69.605,70.605,3,91.0047,125.869
576,70.6554,70.1254,71.1254,3,91.0047,128.471
577,71.907,71.387,72.387,2,89.0351,134.729
578,71.3176,70.7976,71.7976,2,89.0351,131.782
579,69.5945,69.0745,70.0745,2,89.0351,123.166
580,70.02,69.49,70.49,3,84.9335,125.294
581,70.3061,69.7861,70.7861,2,89.1799,126.724
582,69.5581,69.0481,70.0481,1,89.7721,122.984
583,71.1544,70.6444,71.6444,1,89.7721,130.966
584,71.6797,71.1697,72.1697,1,89.7721,133.592
585,69.6199,69.1199,70.1199,0,91.1557,123.293
586,68.6208,68.1208,69.1208,0,91.1557,118.298
587,68.6224,68.1224,69.1224,0,91.1557,118.306
588,68.3546,67.8646,68.8646,-1,91.1557,116.967
589,69.3992,68.9092,69.9092,-1,91.1557,122.19
590,70.1953,69.7053,70.7053,-1,91.1557,126.17
591,70.8058,70.3258,71.3258,-2,89.5728,129.223
592,71.4503,70.9703,71.9703,-2,89.5728,132.445
593,72.1655,71.6855,72.6855,-2,89.5728,136.021
594,70.8217,70.3517,71.3517,-3,85.6123,129.302
595,70.961,70.491,71.491,-3,85.6123,129.999
596,70.8219,70.3519,71.3519,-3,85.6123,129.303
597,70.1043,69.6243,70.6243,-2,92.613,125.715
598,70.4947,70.0147,71.0147,-2,92.613,127.667
599,70.5229,70.0429,71.0429,-2,92.613,127.808
600,71.462,70.982,71.982,-2,92.613,132.504
601,71.7935,71.3235,72.3235,-3,89.3529,134.161
602,71.8451,71.3751,72.3751,-3,89.3529,134.419
603,72.0051,71.5351,72.5351,-3,89.3529,135.219
604,71.7521,71.2821,72.2821,-3,89.3529,133.954
605,71.2924,70.8224,71.8224,-3,89.3529,131.656
606,70.713,70.243,71.243,-3,89.3529,128.759
607,68.5559,68.0859,69.0859,-3,89.3529,117.973
608,68.9465,68.4765,69.4765,-3,89.3529,119.926
609,67.7007,67.2407,68.2407,-4,96.8693,113.697
610,68.817,68.357,69.357,-4,96.8693,119.279
611,68.0592,67.5992,68.5992,-4,96.8693,115.49
612,67.8381,67.3781,68.3781,-4,96.8693,114.384
613,68.7698,68.3098,69.3098,-4,96.8693,119.043
614,67.5007,67.0407,68.0407,-4,96.8693,112.697
615,67.4042,66.9442,67.9442,-4,96.8693,112.215
616,67.4706,67.0106,68.0106,-4,96.8693,112.547
617,67.5973,67.1473,68.1473,-5,102.733,113.18
618,67.1161,66.6661,67.6661,-5,102.733,110.774
619,67.0171,66.5671,67.5671,-5,102.733,110.279
620,67.8583,67.4083,68.4083,-5,102.733,114.485
621,67.1052,66.6552,67.6552,-5,102.733,110.72
622,69.3342,68.8742,69.8742,-4,109.51,121.865
623,69.6689,69.2189,70.2189,-5,96.6339,123.538
624,69.9383,69.4883,70.4883,-5,96.6339,124.885
625,69.2858,68.8358,69.8358,-5,96.6339,121.623
626,68.3966,67.9466,68.9466,-5,96.6339,117.177
627,69.1153,68.6553,69.6553,-4,106.272,120.77
628,68.5544,68.1044,69.1044,-5,99.4368,117.966
629,68.4306,67.9706,68.9706,-4,107.192,117.347
630,69.2618,68.7918,69.7918,-3,107.727,121.503
631,69.0995,68.6295,69.6295,-3,107.727,120.691
632,69.2893,68.8193,69.8193,-3,107.727,121.64
633,71.1676,70.6976,71.6976,-3,107.727,131.032
634,72.814,72.344,73.344,-3,107.727,139.264
635,73.8848,73.4148,74.4148,-3,107.727,144.618
636,74.5793,74.1093,75.1093,-3,107.727,148.09
637,76.6152,76.1452,77.1452,-3,107.727,158.27
638,77.8978,77.4278,78.4278,-3,107.727,164.683
639,78.0317,77.5717,78.5717,-4,76.3551,165.352
640,77.782,77.322,78.322,-4,76.3551,164.104
641,77.6834,77.2234,78.2234,-4,76.3551,163.611
642,77.2761,76.8061,77.8061,-3,81.1729,161.574
643,77.3483,76.8783,77.8783,-3,81.1729,161.935
644,78.2591,77.7891,78.7891,-3,81.1729,166.489
645,78.702,78.242,79.242,-4,76.4756,168.704
646,79.3745,78.9145,79.9145,-4,76.4756,172.066
647,81.4699,81.0099,82.0099,-4,76.4756,182.543
648,82.5083,82.0483,83.0483,-4,76.4756,187.735
649,85.4921,85.0421,86.0421,-5,59.4391,202.654
650,85.7192,85.2792,86.2792,-6,44.4699,203.79
651,86.7667,86.3267,87.3267,-6,44.4699,209.027
652,87.0551,86.6151,87.6151,-6,44.4699,210.469
653,87.6698,87.2398,88.2398,-7,35.0317,213.543
654,85.5947,85.1647,86.1647,-7,35.0317,203.167
655,86.4369,86.0069,87.0069,-7,35.0317,207.379
656,85.9842,85.5642,86.5642,-8,39.289,205.115
657,86.6249,86.2049,87.2049,-8,39.289,208.318
658,86.9681,86.5481,87.5481,-8,39.289,210.034
659,86.6787,86.2587,87.2587,-8,39.289,208.587
660,85.6234,85.2034,86.2034,-8,39.289,203.311
661,87.1752,86.7552,87.7552,-8,39.289,211.07
662,87.9196,87.5096,88.5096,-9,33.3027,214.792
663,90.0677,89.6577,90.6577,-9,33.3027,225.532
664,89.2096,88.7996,89.7996,-9,33.3027,221.242
665,90.5942,90.1842,91.1842,-9,33.3027,228.165
666,89.3518,88.9418,89.9418,-9,33.3027,221.953
667,89.3149,88.8949,89.8949,-8,22.6236,221.768
668,89.6814,89.2614,90.2614,-8,22.6236,223.601
669,90.7863,90.3663,91.3663,-8,22.6236,229.125
670,89.9745,89.5545,90.5545,-8,22.6236,225.066
671,89.6195,89.1995,90.1995,-8,22.6236,223.291
672,88.9264,88.4964,89.4964,-7,20.5622,219.826
673,87.6775,87.2475,88.2475,-7,20.5622,213.581
674,87.7787,87.3487,88.3487,-7,20.5622,214.087
675,87.688,87.268,88.268,-8,26.5179,213.634
676,87.3143,86.8943,87.8943,-8,26.5179,211.766
677,87.4275,86.9975,87.9975,-7,38.1524,212.331
678,85.9708,85.5408,86.5408,-7,38.1524,205.048
679,84.0246,83.5946,84.5946,-7,38.1524,195.317
680,84.9513,84.5213,85.5213,-7,38.1524,199.95
681,86.4698,86.0498,87.0498,-8,47.7639,207.543
682,87.3318,86.9218,87.9218,-9,35.5359,211.853
683,85.2754,84.8654,85.8654,-9,35.5359,201.571
684,85.1566,84.7466,85.7466,-9,35.5359,200.977
685,86.1666,85.7466,86.7466,-8,56.2644,206.027
686,83.9884,83.5684,84.5684,-8,56.2644,195.136
687,82.7659,82.3459,83.3459,-8,56.2644,189.023
688,82.5696,82.1496,83.1496,-8,56.2644,188.042
689,82.2004,81.7804,82.7804,-8,56.2644,186.196
690,80.5929,80.1729,81.1729,-8,56.2644,178.158
691,81.0565,80.6265,81.6265,-7,92.8543,180.476
692,78.7482,78.3282,79.3282,-8,82.6788,168.935
693,78.5829,78.1529,79.1529,-7,109.065,168.109
694,78.3341,77.9041,78.9041,-7,109.065,166.864
695,78.243,77.813,78.813,-7,109.065,166.409
696,78.9643,78.5343,79.5343,-7,109.065,170.015
697,81.3438,80.9138,81.9138,-7,109.065,181.913
698,83.813,83.393,84.393,-8,83.9661,194.259
699,84.8719,84.4519,85.4519,-8,83.9661,199.553
700,84.4536,84.0336,85.0336,-8,83.9661,197.462
701,84.2406,83.8206,84.8206,-8,83.9661,196.397
702,82.5981,82.1681,83.1681,-7,68.7116,188.184
703,81.6648,81.2348,82.2348,-7,68.7116,183.518
704,80.7762,80.3362,81.3362,-6,86.8121,179.075
705,80.1694,79.7294,80.7294,-6,86.8121,176.041
706,79.4086,78.9686,79.9686,-6,86.8121,172.237
707,80.7725,80.3325,81.3325,-6,86.8121,179.056
708,79.9132,79.4832,80.4832,-7,86.2258,174.76
709,80.345,79.915,80.915,-7,86.2258,176.919
710,79.1563,78.7263,79.7263,-7,86.2258,170.975
711,80.3605,79.9305,80.9305,-7,86.2258,176.996
712,80.1745,79.7445,80.7445,-7,86.2258,176.066
713,79.6024,79.1724,80.1724,-7,86.2258,173.206
714,78.5093,78.0793,79.0793,-7,86.2258,167.74
715,78.8836,78.4536,79.4536,-7,86.2258,169.612
716,78.4624,78.0424,79.0424,-8,99.3781,167.506
717,78.5288,78.0988,79.0988,-7,110.668,167.838
718,79.36,78.94,79.94,-8,103.274,171.994
719,78.9318,78.5118,79.5118,-8,103.274,169.853
720,78.8952,78.4752,79.4752,-8,103.274,169.67
721,79.6053,79.1853,80.1853,-8,103.274,173.22
722,80.0099,79.5999,80.5999,-9,94.5815,175.243
723,80.1122,79.7122,80.7122,-10,90.8496,175.755
724,80.9515,80.5515,81.5515,-10,90.8496,179.951
725,81.525,81.135,82.135,-11,81.3336,182.819
726,84.4197,84.0397,85.0397,-12,74.9153,197.292
727,83.1209,82.7509,83.7509,-13,40.0592,190.798
728,82.8801,82.5001,83.5001,-12,69.8132,189.594
729,82.082,81.692,82.692,-11,72.8226,185.604
730,82.2738,81.8838,82.8838,-11,72.8226,186.563
731,82.6906,82.3006,83.3006,-11,72.8226,188.647
732,82.3721,81.9821,82.9821,-11,72.8226,187.054
733,81.3231,80.9331,81.9331,-11,72.8226,181.809
734,81.1475,80.7575,81.7575,-11,72.8226,180.931
735,82.7619,82.3619,83.3619,-10,91.9913,189.003
736,84.4862,84.0862,85.0862,-10,91.9913,197.625
737,85.1211,84.7211,85.7211,-10,91.9913,200.799
738,84.2698,83.8798,84.8798,-11,42.3557,196.543
739,84.347,83.957,84.957,-11,42.3557,196.929
740,85.6569,85.2669,86.2669,-11,42.3557,203.478
741,86.4065,86.0265,87.0265,-12,36.3517,207.226
742,87.6573,87.2773,88.2773,-12,36.3517,213.48
743,86.877,86.497,87.497,-12,36.3517,209.579
744,86.9906,86.6106,87.6106,-12,36.3517,210.147
745,86.4223,86.0423,87.0423,-12,36.3517,207.306
746,85.7437,85.3637,86.3637,-12,36.3517,203.912
747,85.5526,85.1726,86.1726,-12,36.3517,202.957
748,85.4358,85.0558,86.0558,-12,36.3517,202.373
749,85.7754,85.3954,86.3954,-12,36.3517,204.071
750,84.2198,83.8398,84.8398,-12,36.3517,196.293
751,84.6984,84.3184,85.3184,-12,36.3517,198.686
752,84.7283,84.3483,85.3483,-12,36.3517,198.835
753,85.0077,84.6377,85.6377,-13,47.3749,200.232
754,84.5044,84.1344,85.1344,-13,47.3749,197.716
755,85.0179,84.6379,85.6379,-12,63.1549,200.283
756,86.3458,85.9658,86.9658,-12,63.1549,206.923
757,85.4143,85.0343,86.0343,-12,63.1549,202.265
758,84.8611,84.4811,85.4811,-12,63.1549,199.499
759,84.0423,83.6523,84.6523,-11,58.9954,195.405
760,85.4808,85.0908,86.0908,-11,58.9954,202.598
761,86.9768,86.5968,87.5968,-12,41.2882,210.078
762,85.8944,85.5244,86.5244,-13,23.2169,204.666
763,86.9274,86.5574,87.5574,-13,23.2169,209.831
764,87.8865,87.5265,88.5265,-14,23.7287,214.626
765,85.5401,85.1801,86.1801,-14,23.7287,202.894
766,87.1714,86.8114,87.8114,-14,23.7287,211.051
767,87.524,87.164,88.164,-14,23.7287,212.814
768,87.3275,86.9675,87.9675,-14,23.7287,211.831
769,87.3166,86.9466,87.9466,-13,31.9874,211.777
770,87.292,86.922,87.922,-13,31.9874,211.654
771,86.6209,86.2509,87.2509,-13,31.9874,208.298
772,87.5196,87.1396,88.1396,-12,41.303,212.792
773,86.9898,86.6098,87.6098,-12,41.303,210.143
774,86.4654,86.0754,87.0754,-11,36.9961,207.521
775,85.2339,84.8439,85.8439,-11,36.9961,201.363
776,86.8397,86.4397,87.4397,-10,56.4209,209.392
777,86.7447,86.3447,87.3447,-10,56.4209,208.917
778,89.3726,88.9626,89.9626,-9,41.4127,222.057
779,87.3595,86.9595,87.9595,-10,8.85214,211.991
780,86.5068,86.1068,87.1068,-10,8.85214,207.728
781,86.0229,85.6229,86.6229,-10,8.85214,205.308
782,85.7447,85.3347,86.3347,-9,52.2494,203.917
783,86.022,85.612,86.612,-9,52.2494,205.304
784,84.654,84.244,85.244,-9,52.2494,198.464
785,84.4377,84.0277,85.0277,-9,52.2494,197.382
786,84.7553,84.3453,85.3453,-9,52.2494,198.97
787,85.8648,85.4548,86.4548,-9,52.2494,204.518
788,84.3213,83.9113,84.9113,-9,52.2494,196.8
789,83.1917,82.7817,83.7817,-9,52.2494,191.152
790,83.785,83.375,84.375,-9,52.2494,194.119
791,84.3615,83.9515,84.9515,-9,52.2494,197.001
792,83.6423,83.2423,84.2423,-10,58.2918,193.405
793,83.6032,83.1932,84.1932,-9,75.3839,193.21
794,82.3449,81.9349,82.9349,-9,75.3839,186.918
795,82.5736,82.1536,83.1536,-8,87.1502,188.062
796,81.8997,81.4797,82.4797,-8,87.1502,184.692
797,80.5653,80.1453,81.1453,-8,87.1502,178.02
798,80.2422,79.8222,80.8222,-8,87.1502,176.405
799,79.7546,79.3246,80.3246,-7,104.051,173.967
800,79.9927,79.5627,80.5627,-7,104.051,175.157
801,79.3424,78.9224,79.9224,-8,98.8683,171.906
802,79.7663,79.3363,80.3363,-7,111.991,174.025
803,79.3407,78.9107,79.9107,-7,111.991,171.897
804,79.7091,79.2691,80.2691,-6,112.073,173.739
805,77.8915,77.4515,78.4515,-6,112.073,164.651
806,77.8548,77.4048,78.4048,-5,120.828,164.468
807,77.757,77.297,78.297,-4,121.061,163.979
808,77.6247,77.1547,78.1547,-3,121.492,163.317
809,78.2092,77.7292,78.7292,-2,121.919,166.24
810,78.4935,78.0235,79.0235,-3,118.77,167.661
811,77.8418,77.3718,78.3718,-3,118.77,164.403
812,77.7055,77.2355,78.2355,-3,118.77,163.721
813,76.2757,75.8057,76.8057,-3,118.77,156.573
814,76.7319,76.2519,77.2519,-2,127.541,158.853
815,76.7932,76.3232,77.3232,-3,124.648,159.16
816,77.6554,77.1854,78.1854,-3,124.648,163.471
817,77.898,77.438,78.438,-4,121.848,164.684
818,78.0062,77.5462,78.5462,-4,121.848,165.225
819,77.9085,77.4485,78.4485,-4,121.848,164.736
820,77.9747,77.5147,78.5147,-4,121.848,165.067
821,77.2882,76.8382,77.8382,-5,120.531,161.635
822,76.7589,76.3089,77.3089,-5,120.531,158.988
823,77.3972,76.9472,77.9472,-5,120.531,162.18
824,77.5487,77.1087,78.1087,-6,123.368,162.937
825,77.0204,76.5804,77.5804,-6,123.368,160.296
826,75.8823,75.4323,76.4323,-5,131.569,154.605
827,74.9843,74.5343,75.5343,-5,131.569,150.115
828,74.3121,73.8621,74.8621,-5,131.569,146.754
829,74.3341,73.8841,74.8841,-5,131.569,146.864
830,75.2985,74.8485,75.8485,-5,131.569,151.686
831,74.7147,74.2747,75.2747,-6,135.229,148.767
832,75.4143,74.9743,75.9743,-6,135.229,152.265
833,76.0945,75.6545,76.6545,-6,135.229,155.666
834,77.8067,77.3667,78.3667,-6,135.229,164.227
835,78.0922,77.6522,78.6522,-6,135.229,165.655
836,78.4197,77.9797,78.9797,-6,135.229,167.292
837,78.1753,77.7453,78.7453,-7,116.441,166.07
838,79.0458,78.6158,79.6158,-7,116.441,170.423
839,78.6578,78.2278,79.2278,-7,116.441,168.483
840,79.5175,79.0775,80.0775,-6,121.704,172.781
841,81.2394,80.7994,81.7994,-6,121.704,181.391
842,83.049,82.619,83.619,-7,100.275,190.439
843,83.6067,83.1767,84.1767,-7,100.275,193.227
844,81.5758,81.1458,82.1458,-7,100.275,183.073
845,81.2884,80.8584,81.8584,-7,100.275,181.636
846,80.8895,80.4495,81.4495,-6,106.861,179.641
847,81.1887,80.7487,81.7487,-6,106.861,181.137
848,80.5044,80.0744,81.0744,-7,101.52,177.716
849,79.975,79.535,80.535,-6,113.24,175.069
850,80.0112,79.5712,80.5712,-6,113.24,175.25
851,79.7241,79.2841,80.2841,-6,113.24,173.814
852,80.1883,79.7483,80.7483,-6,113.24,176.135
853,79.2988,78.8588,79.8588,-6,113.24,171.688
854,81.6343,81.1943,82.1943,-6,113.24,183.365
855,81.3396,80.8996,81.8996,-6,113.24,181.892
856,81.5924,81.1524,82.1524,-6,113.24,183.156
857,80.6871,80.2471,81.2471,-6,113.24,178.629
858,81.023,80.583,81.583,-6,113.24,180.309
859,79.4771,79.0471,80.0471,-7,104.189,172.579
860,80.6356,80.2056,81.2056,-7,104.189,178.372
861,80.5066,80.0766,81.0766,-7,104.189,177.727
862,80.1656,79.7356,80.7356,-7,104.189,176.022
863,79.3693,78.9393,79.9393,-7,104.189,172.04
864,80.9994,80.5694,81.5694,-7,104.189,180.191
865,81.4107,80.9807,81.9807,-7,104.189,182.247
866,82.785,82.355,83.355,-7,104.189,189.119
867,83.9708,83.5408,84.5408,-7,104.189,195.048
868,84.6566,84.2366,85.2366,-8,83.484,198.477
869,84.1141,83.6941,84.6941,-8,83.484,195.764
870,81.7466,81.3266,82.3266,-8,83.484,183.927
871,82.734,82.304,83.304,-7,109.198,188.864
872,80.9377,80.5177,81.5177,-8,95.3555,179.882
873,81.701,81.281,82.281,-8,95.3555,183.699
874,81.8035,81.3835,82.3835,-8,95.3555,184.211
875,82.9289,82.5189,83.5189,-9,102.72,189.838
876,83.9866,83.5766,84.5766,-9,102.72,195.127
877,83.5136,83.1136,84.1136,-10,82.9819,192.762
878,81.7364,81.3264,82.3264,-9,97.6116,183.876
879,79.954,79.534,80.534,-8,113.696,174.964
880,82.1683,81.7483,82.7483,-8,113.696,186.035
881,81.93,81.52,82.52,-9,102.322,184.844
882,81.0352,80.6252,81.6252,-9,102.322,180.37
883,80.256,79.846,80.846,-9,102.322,176.474
884,80.919,80.509,81.509,-9,102.322,179.789
885,81.0508,80.6508,81.6508,-10,113.475,180.448
886,79.2953,78.8953,79.8953,-10,113.475,171.67
887,78.5548,78.1548,79.1548,-10,113.475,167.968
888,78.0833,77.6833,78.6833,-10,113.475,165.61
889,79.2653,78.8653,79.8653,-10,113.475,171.52
890,76.9162,76.5162,77.5162,-10,113.475,159.775
891,76.9227,76.5227,77.5227,-10,113.475,159.807
892,77.7316,77.3316,78.3316,-10,113.475,163.852
893,77.1431,76.7531,77.7531,-11,145.249,160.909
894,77.5397,77.1497,78.1497,-11,145.249,162.892
895,77.4442,77.0542,78.0542,-11,145.249,162.415
896,80.1432,79.7432,80.7432,-10,159.3,175.91
897,80.1102,79.7102,80.7102,-10,159.3,175.745
898,80.6702,80.2602,81.2602,-9,132.74,178.545
899,82.0476,81.6376,82.6376,-9,132.74,185.432
900,82.0427,81.6327,82.6327,-9,132.74,185.407
901,80.5115,80.1015,81.1015,-9,132.74,177.751
902,79.4387,79.0287,80.0287,-9,132.74,172.387
903,79.8013,79.3813,80.3813,-8,138.874,174.2
904,81.4341,81.0141,82.0141,-8,138.874,182.364
905,80.1789,79.7589,80.7589,-8,138.874,176.088
906,82.3595,81.9295,82.9295,-7,133.032,186.991
907,83.0984,82.6684,83.6684,-7,133.032,190.686
908,83.7788,83.3488,84.3488,-7,133.032,194.088
909,83.6511,83.2211,84.2211,-7,133.032,193.449
910,83.9245,83.4945,84.4945,-7,133.032,194.816
911,83.661,83.231,84.231,-7,133.032,193.499
912,84.2392,83.7992,84.7992,-6,108.727,196.39
913,84.9911,84.5511,85.5511,-6,108.727,200.149
914,83.7798,83.3498,84.3498,-7,94.8069,194.093
915,82.9092,82.4792,83.4792,-7,94.8069,189.74
916,83.8232,83.3932,84.3932,-7,94.8069,194.31
917,80.7566,80.3266,81.3266,-7,94.8069,178.977
918,82.0017,81.5717,82.5717,-7,94.8069,185.202
919,80.1827,79.7527,80.7527,-7,94.8069,176.107
920,79.2228,78.7828,79.7828,-6,135.396,171.308
921,79.9297,79.4897,80.4897,-6,135.396,174.842
922,78.3205,77.8805,78.8805,-6,135.396,166.796
923,77.6116,77.1616,78.1616,-5,146.629,163.252
924,77.407,76.957,77.957,-5,146.629,162.229
925,78.1371,77.6771,78.6771,-4,151.246,165.879
926,77.4795,77.0195,78.0195,-4,151.246,162.591
927,78.5171,78.0471,79.0471,-3,150.997,167.779
928,77.0759,76.6059,77.6059,-3,150.997,160.573
929,77.7008,77.2308,78.2308,-3,150.997,163.698
930,77.3874,76.9274,77.9274,-4,147.362,162.131
931,75.2571,74.7871,75.7871,-3,152.576,151.479
932,75.8452,75.3752,76.3752,-3,152.576,154.42
933,75.782,75.312,76.312,-3,152.576,154.104
934,76.2277,75.7477,76.7477,-2,157.422,156.332
935,77.4582,76.9782,77.9782,-2,157.422,162.485
936,78.3763,77.8963,78.8963,-2,157.422,167.075
937,78.2058,77.7258,78.7258,-2,157.422,166.223
938,78.0956,77.6156,78.6156,-2,157.422,165.672
939,78.4221,77.9421,78.9421,-2,157.422,167.304
940,77.7891,77.3091,78.3091,-2,157.422,164.139
941,77.4523,76.9623,77.9623,-1,153.428,162.455
942,77.7561,77.2661,78.2661,-1,153.428,163.974
943,76.8098,76.3198,77.3198,-1,153.428,159.243
944,75.7066,75.2166,76.2166,-1,153.428,153.727
945,75.1133,74.6233,75.6233,-1,153.428,150.76
946,76.4885,75.9885,76.9885,0,156.114,157.636
947,77.0286,76.5286,77.5286,0,156.114,160.337
948,75.8673,75.3673,76.3673,0,156.114,154.53
949,76.2118,75.7118,76.7118,0,156.114,156.253
950,78.1969,77.6969,78.6969,0,156.114,166.178
951,78.2954,77.7954,78.7954,0,156.114,166.671
952,78.441,77.941,78.941,0,156.114,167.399
953,79.0955,78.6055,79.6055,-1,156.114,170.671
954,78.5805,78.0905,79.0905,-1,156.114,168.096
955,79.4251,78.9351,79.9351,-1,156.114,172.319
956,78.8667,78.3767,79.3767,-1,156.114,169.527
957,79.6264,79.1364,80.1364,-1,156.114,173.326
958,80.4779,79.9879,80.9879,-1,156.114,177.583
959,79.5537,79.0637,80.0637,-1,156.114,172.962
960,79.7845,79.2945,80.2945,-1,156.114,174.116
961,81.1968,80.7068,81.7068,-1,156.114,181.178
962,79.7975,79.3075,80.3075,-1,156.114,174.181
963,79.091,78.591,79.591,0,155.747,170.649
964,78.3089,77.8089,78.8089,0,155.747,166.738
965,78.8826,78.3726,79.3726,1,155.747,169.607
966,78.0152,77.5052,78.5052,1,155.747,165.27
967,78.3037,77.7837,78.7837,2,155.444,166.712
968,77.4764,76.9664,77.9664,1,158.001,162.576
969,76.7784,76.2584,77.2584,2,156.183,159.086
970,76.9851,76.4551,77.4551,3,154.768,160.119
971,76.1521,75.6221,76.6221,3,154.768,155.954
972,78.4772,77.9472,78.9472,3,154.768,167.58
973,78.8861,78.3561,79.3561,3,154.768,169.624
974,79.6411,79.1111,80.1111,3,154.768,173.399
975,79.5974,79.0674,80.0674,3,154.768,173.181
976,79.2305,78.7005,79.7005,3,154.768,171.346
977,79.6898,79.1498,80.1498,4,162.094,173.643
978,78.6485,78.1085,79.1085,4,162.094,168.436
979,78.2158,77.6758,78.6758,4,162.094,166.273
980,79.4524,78.9124,79.9124,4,162.094,172.456
981,80.5671,80.0271,81.0271,4,162.094,178.029
982,80.5849,80.0449,81.0449,4,162.094,178.118
983,79.4653,78.9253,79.9253,4,162.094,172.52
984,80.724,80.184,81.184,4,162.094,178.814
985,80.3941,79.8641,80.8641,3,172.028,177.164
986,80.8791,80.3491,81.3491,3,172.028,179.589
987,80.8637,80.3337,81.3337,3,172.028,179.512
988,79.5201,78.9901,79.9901,3,172.028,172.794
989,79.6302,79.0902,80.0902,4,165.446,173.345
990,78.5487,78.0087,79.0087,4,165.446,167.937
991,77.9298,77.3898,78.3898,4,165.446,164.843
992,80.277,79.727,80.727,5,159.045,176.579
993,80.6872,80.1372,81.1372,5,159.045,178.63
994,79.5888,79.0488,80.0488,4,177.782,173.138
995,78.5794,78.0394,79.0394,4,177.782,168.091
996,78.1528,77.6028,78.6028,5,165.391,165.958
997,77.8039,77.2539,78.2539,5,165.391,164.213
998,76.6495,76.0995,77.0995,5,165.391,158.441
999,75.9864,75.4364,76.4364,5,165.391,155.126
