TimeStep,Price,Bid,Ask,Inventory,PnL,TotalValue,OBI
0,100,99.5044,100.504,0,0,314.962,0.50219
1,98.1034,97.4366,98.4366,0,0,305.478,0.415019
2,98.2964,97.8758,98.8758,0,0,306.444,0.540369
3,98.5055,98.271,99.271,-1,0,307.489,0.629709
4,96.7412,96.2221,97.2221,-1,0,298.667,0.484971
5,98.1751,97.8286,98.8286,-1,0,305.837,0.573086
6,98.9391,98.74,99.74,-1,0,309.657,0.646997
7,99.0244,98.838,99.838,-1,0,310.083,0.653316
8,99.2988,99.1975,100.197,-2,-0.962213,311.456,0.690664
9,100.148,100.139,101.139,-2,-0.962213,315.7,0.73508
10,101.106,101.137,102.137,-2,-0.962213,320.493,0.752418
11,101.45,101.561,102.561,-2,-0.962213,322.209,0.791415
12,100.342,100.115,101.115,-2,-0.962213,316.671,0.626293
13,100.554,100.433,101.433,-1,-1.51675,317.733,0.683517
14,98.1086,97.8002,98.8002,-1,-1.51675,305.505,0.592571
15,98.4407,98.1541,99.1541,-1,-1.51675,307.165,0.603297
16,97.7944,97.1955,98.1955,-1,-1.51675,303.933,0.44434
17,101.356,100.994,101.994,-1,-1.51675,321.742,0.563147
18,102.101,101.925,102.925,-2,-3.39555,325.465,0.648886
19,102.296,102.16,103.16,-2,-3.39555,326.441,0.668306
20,101.892,101.422,102.422,-2,-3.39555,324.42,0.505079
21,100.141,99.4571,100.457,-2,-3.39555,315.665,0.398329
22,100.163,99.8608,100.861,-2,-3.39555,315.777,0.588746
23,99.9434,99.3874,100.387,-3,-1.12911,314.679,0.456964
24,99.7335,99.1106,100.111,-3,-1.12911,313.629,0.423353
25,100.759,100.248,101.248,-3,-1.12911,318.756,0.479559
26,100.737,100.057,101.057,-3,-1.12911,318.645,0.396118
27,100.224,99.4116,100.412,-3,-1.12911,316.08,0.329302
28,100.252,99.702,100.702,-2,3.21858,316.224,0.46486
29,100.173,99.4712,100.471,-3,0.637846,315.828,0.384157
30,99.3641,98.5924,99.5924,-3,0.637846,311.782,0.348163
31,101.048,100.487,101.487,-3,0.637846,320.203,0.454994
32,100.849,100.158,101.158,-4,-1.7181,319.206,0.385427
33,102.294,101.867,102.867,-4,-1.7181,326.43,0.516296
34,102.473,102.149,103.149,-4,-1.7181,327.329,0.56616
35,105.856,105.715,106.715,-5,-8.36492,344.242,0.646087
36,104.85,104.281,105.281,-5,-8.36492,339.212,0.44294
37,105.512,105.098,106.098,-4,-14.0224,342.524,0.521658
38,103.59,102.968,103.968,-5,-21.2931,332.909,0.417284
39,104.323,104.006,105.006,-4,-5.64291,336.575,0.568802
40,104.836,104.643,105.643,-4,-5.64291,339.144,0.627194
41,101.391,100.977,101.977,-4,-5.64291,321.914,0.522841
42,102.084,101.888,102.888,-4,-5.64291,325.381,0.629503
43,98.3057,97.9648,98.9648,-4,-5.64291,306.49,0.560569
44,98.2362,97.6854,98.6854,-3,14.3706,306.142,0.458877
45,96.4693,95.7643,96.7643,-2,15.2088,297.308,0.383399
46,96.9348,96.3752,97.3752,-2,15.2088,299.636,0.458902
47,97.4524,97.1769,98.1769,-3,15.8292,302.223,0.599794
48,96.1601,95.5636,96.5636,-4,13.424,295.762,0.429054
49,95.5148,94.7433,95.7433,-4,13.424,292.536,0.336911
50,95.238,94.3801,95.3801,-3,27.1585,291.151,0.296352
51,95.1175,94.2221,95.2221,-2,28.2481,290.549,0.281631
52,95.6827,95.0616,96.0616,-1,28.5641,293.375,0.431528
53,94.9518,94.1459,95.1459,-1,28.5641,289.72,0.333657
54,96.411,95.8595,96.8595,-1,28.5641,297.017,0.46808
55,96.1772,95.4529,96.4529,-1,28.5641,295.848,0.3782
56,96.9052,96.418,97.418,-1,28.5641,299.488,0.501422
57,95.9364,95.3762,96.3762,-2,25.3682,294.644,0.458178
58,96.6759,96.3129,97.3129,-1,29.4518,298.341,0.565683
59,97.9522,97.7387,98.7387,-1,29.4518,304.723,0.64112
60,98.3474,98.2571,99.2571,-1,29.4518,306.698,0.703228
61,98.9455,98.9296,99.9296,-2,25.5708,309.689,0.734535
62,96.4516,96.0613,97.0613,-2,25.5708,297.219,0.546518
63,96.4821,96.2842,97.2842,-1,31.9624,297.372,0.651388
64,94.9917,94.5666,95.5666,-1,31.9624,289.92,0.534132
65,93.7706,93.1377,94.1377,-1,31.9624,283.815,0.42378
66,93.1322,92.3726,93.3726,-1,31.9624,280.623,0.355245
67,94.6802,94.214,95.214,-1,31.9624,288.363,0.512571
68,93.6107,93.0393,94.0393,-1,31.9624,283.015,0.456561
69,94.4198,94.0668,95.0668,0,34.9844,287.061,0.577815
70,95.1434,94.953,95.953,0,34.9844,290.678,0.662708
71,94.3388,93.9327,94.9327,0,34.9844,286.655,0.549783
72,95.2284,94.928,95.928,0,34.9844,291.104,0.604786
73,93.4868,93.0456,94.0456,0,34.9844,282.395,0.53146
74,93.0764,92.4082,93.4082,1,34.9844,280.344,0.414969
75,92.9617,92.086,93.086,1,34.9844,279.77,0.303309
76,92.479,91.547,92.547,1,34.9844,277.357,0.27182
77,89.9317,89.0707,90.0707,1,34.9844,264.62,0.304849
78,88.9215,87.9989,88.9989,1,34.9844,259.569,0.267988
79,88.7112,87.7372,88.7372,1,34.9844,258.517,0.238505
80,85.8987,84.9494,85.9494,2,29.676,244.455,0.250141
81,86.7158,85.9771,86.9771,2,29.676,248.541,0.373898
82,86.2236,85.3498,86.3498,2,29.676,246.08,0.294823
83,86.9402,86.3255,87.3255,2,29.676,249.663,0.445528
84,85.3539,84.6662,85.6662,2,29.676,241.731,0.401744
85,84.517,83.8085,84.8085,2,29.676,237.547,0.388466
86,85.0566,84.5273,85.5273,2,29.676,240.245,0.494497
87,84.4911,83.8831,84.8831,2,29.676,237.417,0.447968
88,83.997,83.2114,84.2114,2,29.676,234.947,0.341897
89,82.4408,81.6253,82.6253,3,20.6244,227.166,0.326814
90,80.4188,79.5413,80.5413,3,20.6244,217.056,0.283932
91,81.8792,81.2072,82.2072,3,20.6244,224.357,0.41333
92,80.2283,79.4186,80.4186,3,20.6244,216.103,0.325646
93,80.3967,79.7672,80.7672,4,9.24587,216.945,0.44434
94,80.2564,79.5313,80.5313,3,14.6404,216.243,0.378479
95,79.7729,79.0263,80.0263,3,14.6404,213.826,0.364243
96,80.1761,79.553,80.553,3,14.6404,215.842,0.441916
97,80.7003,80.2435,81.2435,3,14.6404,218.463,0.545308
98,81.4234,81.1091,82.1091,3,14.6404,222.079,0.632452
99,81.7735,81.5715,82.5715,3,14.6404,223.829,0.700574
100,82.5551,82.3264,83.3264,3,14.6404,227.737,0.682494
101,81.0254,80.6352,81.6352,2,22.318,220.089,0.58007
102,80.4231,79.8396,80.8396,2,22.318,217.077,0.460511
103,79.4308,78.7282,79.7282,2,22.318,212.116,0.385012
104,78.054,77.2331,78.2331,2,22.318,205.231,0.307294
105,77.0737,76.2181,77.2181,3,10.1314,200.33,0.288754
106,75.679,74.798,75.798,3,10.1314,193.357,0.26811
107,76.7221,76.1388,77.1388,3,10.1314,198.572,0.46521
108,76.8711,76.4657,77.4657,2,9.84835,199.317,0.574562
109,76.1478,75.5202,76.5202,2,9.84835,195.7,0.429364
110,74.2749,73.5014,74.5014,3,6.61123,186.336,0.336096
111,74.2027,73.3915,74.3915,3,6.61123,185.975,0.310519
112,74.3836,73.8078,74.8078,3,6.61123,186.879,0.469219
113,74.9433,74.5008,75.5008,3,6.61123,189.678,0.558408
114,74.3284,73.7081,74.7081,3,6.61123,186.603,0.439301
115,74.5434,74.0901,75.0901,4,1.17504,187.678,0.558132
116,73.9031,73.2769,74.2769,4,1.17504,184.477,0.441683
117,73.652,72.9263,73.9263,4,1.17504,183.222,0.373924
118,72.5834,71.8105,72.8105,4,1.17504,177.878,0.339619
119,70.725,69.8311,70.8311,5,-6.41536,168.587,0.256864
120,69.5936,68.6318,69.6318,6,-16.3125,162.93,0.21129
121,70.1248,69.409,70.409,6,-16.3125,165.585,0.388956
122,70.2849,69.6989,70.6989,5,-12.8449,166.386,0.474377
123,69.0607,68.3401,69.3401,5,-12.8449,160.265,0.376416
124,69.0411,68.3322,69.3322,5,-12.8449,160.167,0.384883
125,70.7455,70.1882,71.1882,6,-23.2292,168.689,0.501913
126,70.213,69.5755,70.5755,6,-23.2292,166.026,0.444861
127,69.8565,69.0719,70.0719,7,-15.7692,164.244,0.346411
128,69.6781,68.8767,69.8767,7,-15.7692,163.352,0.333944
129,69.0291,68.1678,69.1678,7,-15.7692,160.107,0.288938
130,68.5812,67.6671,68.6671,7,-15.7692,157.867,0.249133
131,69.1949,68.5129,69.5129,7,-15.7692,160.936,0.419089
132,70.357,69.7658,70.7658,6,-16.2074,166.746,0.477879
133,68.3907,67.7173,68.7173,6,-16.2074,156.915,0.417106
134,69.3436,68.7387,69.7387,7,-26.981,161.679,0.474842
135,69.4963,69.0864,70.0864,7,-26.981,162.443,0.61517
136,69.699,69.4036,70.4036,7,-26.981,163.457,0.696947
137,69.7313,69.4677,70.4677,7,-26.981,163.618,0.719744
138,70.9414,70.7021,71.7021,6,-7.72812,169.668,0.726046
139,71.5655,71.3502,72.3502,5,-0.322012,172.789,0.73385
140,70.3154,69.838,70.838,5,-0.322012,166.538,0.551624
141,68.8707,68.3362,69.3362,6,-9.64259,159.315,0.518489
142,69.3241,68.9258,69.9258,6,-9.64259,161.582,0.616616
143,69.1464,68.615,69.615,6,-9.64259,160.694,0.520667
144,69.7003,69.2996,70.2996,6,-9.64259,163.463,0.614273
145,68.4224,67.7889,68.7889,6,-9.64259,157.074,0.446275
146,70.2446,69.827,70.827,6,-9.64259,166.185,0.601352
147,70.6714,70.3666,71.3666,6,-9.64259,168.319,0.680516
148,69.6013,69.0564,70.0564,6,-9.64259,162.968,0.510807
149,70.076,69.6902,70.6902,6,-9.64259,165.342,0.624286
150,69.998,69.4277,70.4277,6,-9.64259,164.952,0.492651
151,68.6911,68.0761,69.0761,7,-12.1039,158.417,0.467281
152,67.9164,67.1766,68.1766,7,-12.1039,154.544,0.374971
153,68.2486,67.6742,68.6742,7,-12.1039,156.204,0.496782
154,67.4961,66.8395,67.8395,7,-12.1039,152.442,0.435876
155,67.3192,66.6108,67.6108,8,-30.2216,151.557,0.404663
156,66.3523,65.5821,66.5821,9,-32.0512,146.723,0.364239
157,66.2574,65.4361,66.4361,9,-32.0512,146.249,0.325384
158,65.64,64.7848,65.7848,9,-32.0512,143.162,0.297947
159,65.6602,64.9755,65.9755,9,-32.0512,143.263,0.427836
160,66.2182,65.6868,66.6868,9,-32.0512,146.052,0.544263
161,65.8733,65.2702,66.2702,8,-31.3675,144.328,0.482534
162,66.2485,65.85,66.85,9,-42.6998,146.204,0.644528
163,65.939,65.3534,66.3534,9,-42.6998,144.657,0.503319
164,65.4246,64.8059,65.8059,10,-41.9516,142.084,0.485755
165,63.7919,63.0987,64.0987,11,-47.426,133.921,0.434817
166,65.2133,64.7031,65.7031,11,-47.426,141.028,0.576466
167,66.455,66.0804,67.0804,10,-37.5577,147.237,0.669524
168,66.6516,66.2934,67.2934,10,-37.5577,148.219,0.681394
169,65.528,64.9609,65.9609,10,-37.5577,142.601,0.525141
170,65.6216,65.1171,66.1171,11,-44.9788,143.069,0.580436
171,64.9177,64.279,65.279,10,-32.2608,139.55,0.470214
172,64.8715,64.1822,65.1822,10,-32.2608,139.319,0.431238
173,66.4004,65.9194,66.9194,10,-32.2608,146.964,0.589557
174,67.0164,66.5712,67.5712,10,-32.2608,150.043,0.61552
175,66.8393,66.2495,67.2495,10,-32.2608,149.158,0.507614
176,67.9053,67.461,68.461,10,-32.2608,154.488,0.614674
177,67.1143,66.491,67.491,10,-32.2608,150.533,0.482644
178,67.8516,67.3456,68.3456,11,-28.5221,154.219,0.576644
179,67.1697,66.5132,67.5132,11,-28.5221,150.81,0.465388
180,67.8934,67.3843,68.3843,11,-28.5221,154.428,0.574331
181,69.056,68.5953,69.5953,10,-7.69551,160.242,0.600822
182,70.3762,70.0377,71.0377,10,-7.69551,166.843,0.685782
183,70.2663,69.7358,70.7358,10,-7.69551,166.293,0.549508
184,67.5133,66.866,67.866,10,-7.69551,152.528,0.464972
185,68.5571,68.0754,69.0754,10,-7.69551,157.747,0.586283
186,69.8579,69.4389,70.4389,10,-7.69551,164.251,0.629516
187,69.6584,69.023,70.023,10,-7.69551,163.254,0.47456
188,70.3469,69.836,70.836,10,-7.69551,166.696,0.563334
189,69.4537,68.8248,69.8248,10,-7.69551,162.23,0.479165
190,68.7111,67.96,68.96,10,-7.69551,158.517,0.390019
191,67.616,66.8926,67.8926,10,-7.69551,153.042,0.40876
192,69.4102,68.8443,69.8443,10,-7.69551,162.013,0.52457
193,69.4051,68.7484,69.7484,10,-7.69551,161.987,0.459175
194,69.1207,68.2783,69.2783,10,-7.69551,160.565,0.324716
195,69.6351,69.0014,70.0014,11,-8.75519,163.137,0.48293
196,70.2078,69.7344,70.7344,10,10.1979,166.001,0.59013
197,71.464,71.152,72.152,9,17.5281,172.282,0.694498
198,72.0931,71.8834,72.8834,8,30.2868,175.427,0.75677
199,72.2219,71.97,72.97,8,30.2868,176.071,0.727105
200,71.8075,71.3958,72.3958,8,30.2868,173.999,0.617245
201,70.5043,69.937,70.937,8,30.2868,167.483,0.509034
202,71.2559,70.8072,71.8072,9,12.5667,171.241,0.599135
203,70.1467,69.5381,70.5381,9,12.5667,165.695,0.486701
204,69.059,68.3255,69.3255,10,8.97644,160.257,0.40332
205,69.014,68.2705,69.2705,10,8.97644,160.031,0.396032
206,68.508,67.6517,68.6517,10,8.97644,157.502,0.312948
207,67.5214,66.5868,67.5868,11,-9.88719,152.569,0.259601
208,67.0115,66.1149,67.1149,11,-9.88719,150.019,0.286177
209,66.8763,66.0018,67.0018,11,-9.88719,149.343,0.302222
210,66.83,65.8956,66.8956,11,-9.88719,149.111,0.257322
211,66.0539,65.051,66.051,12,-29.2043,145.231,0.210157
212,65.9419,64.9791,65.9791,12,-29.2043,144.671,0.24009
213,66.0816,65.3672,66.3672,12,-29.2043,145.37,0.428585
214,66.6271,66.103,67.103,12,-29.2043,148.097,0.57193
215,66.5395,65.8815,66.8815,11,-14.7159,147.659,0.463899
216,66.9523,66.5294,67.5294,11,-14.7159,149.723,0.639693
217,67.1993,66.7493,67.7493,10,-10.0256,150.958,0.611602
218,67.2211,66.7987,67.7987,10,-10.0256,151.067,0.632116
219,67.1204,66.52,67.52,10,-10.0256,150.564,0.499665
220,68.3062,67.7991,68.7991,10,-10.0256,156.493,0.568016
221,68.4907,68.1455,69.1455,9,2.67215,157.415,0.678666
222,67.5055,66.9714,67.9714,8,5.78897,152.489,0.534002
223,68.782,68.4439,69.4439,8,5.78897,158.872,0.675806
224,68.959,68.6954,69.6954,8,5.78897,159.757,0.729371
225,68.4949,68.0086,69.0086,7,10.1883,157.436,0.561134
226,67.0349,66.3469,67.3469,7,10.1883,150.136,0.411983
227,67.5647,67.0183,68.0183,7,10.1883,152.785,0.517494
228,68.3873,67.971,68.971,7,10.1883,156.898,0.612323
229,69.8621,69.4512,70.4512,7,10.1883,164.272,0.613895
230,68.8425,68.2752,69.2752,7,10.1883,159.174,0.501933
231,68.3372,67.5684,68.5684,8,0.2469,156.648,0.361885
232,66.4776,65.6707,66.6707,8,0.2469,147.35,0.329321
233,67.6347,66.9992,67.9992,9,-20.5889,153.135,0.466396
234,67.8656,67.3684,68.3684,9,-20.5889,154.289,0.568365
235,68.2619,67.8904,68.8904,8,3.68994,156.271,0.652662
236,68.3056,67.9929,68.9929,8,3.68994,156.489,0.695671
237,68.1084,67.5041,68.5041,8,3.68994,155.503,0.482194
238,69.0485,68.5984,69.5984,9,-3.22397,160.204,0.601354
239,68.9791,68.4022,69.4022,9,-3.22397,159.857,0.509495
240,69.1072,68.6497,69.6497,10,4.85893,160.497,0.603147
241,70.8836,70.4702,71.4702,10,4.85893,169.38,0.631584
242,69.2353,68.6559,69.6559,10,4.85893,161.138,0.514922
243,70.1056,69.5899,70.5899,10,4.85893,165.49,0.560101
244,70.3514,69.9296,70.9296,10,4.85893,166.719,0.62661
245,69.3385,68.7356,69.7356,10,4.85893,161.654,0.497888
246,69.5315,69.0496,70.0496,10,4.85893,162.619,0.584956
247,68.7878,68.1376,69.1376,10,4.85893,158.901,0.463517
248,68.9518,68.3415,69.3415,11,2.21292,159.72,0.49981
249,67.8771,67.1147,68.1147,11,2.21292,154.347,0.387705
250,68.1152,67.5275,68.5275,11,2.21292,155.538,0.5164
251,68.3511,67.9357,68.9357,10,6.50201,156.717,0.635051
252,68.6589,68.3874,69.3874,10,6.50201,158.256,0.739228
253,70.3703,70.1802,71.1802,10,6.50201,166.813,0.791274
254,70.3111,69.9227,70.9227,9,33.0289,166.517,0.643351
255,70.3946,70.0779,71.0779,10,21.7112,166.934,0.701254
256,70.0745,69.5607,70.5607,9,33.2633,165.334,0.55435
257,70.2918,69.8873,70.8873,10,19.6082,166.421,0.639055
258,70.0054,69.481,70.481,10,19.6082,164.988,0.554037
259,70.6437,70.2189,71.2189,11,18.8118,168.18,0.63108
260,70.1442,69.5319,70.5319,11,18.8118,165.683,0.49837
261,70.8873,70.4027,71.4027,11,18.8118,169.398,0.588409
262,69.1737,68.5165,69.5165,11,18.8118,160.83,0.465893
263,68.2663,67.4769,68.4769,11,18.8118,156.293,0.36858
264,68.4105,67.8004,68.8004,11,18.8118,157.014,0.499955
265,68.0681,67.3267,68.3267,11,18.8118,155.302,0.403442
266,67.8433,66.9978,67.9978,11,18.8118,154.178,0.326464
267,68.0795,67.4125,68.4125,12,-8.50382,155.359,0.465532
268,65.9914,65.2195,66.2195,11,8.47305,144.919,0.377368
269,66.8428,66.2594,67.2594,11,8.47305,149.175,0.51996
270,68.3716,67.9259,68.9259,11,8.47305,156.82,0.620119
271,67.8879,67.2178,68.2178,10,14.1198,154.401,0.448419
272,68.7535,68.2167,69.2167,10,14.1198,158.729,0.545962
273,70.5575,70.1288,71.1288,10,14.1198,167.749,0.621337
274,69.0819,68.5988,69.5988,10,14.1198,160.371,0.584558
275,67.8694,67.2507,68.2507,10,14.1198,154.309,0.486256
276,67.6435,66.8164,67.8164,11,-2.63148,153.179,0.339509
277,67.2809,66.3449,67.3449,11,-2.63148,151.366,0.257689
278,66.1632,65.1759,66.1759,11,-2.63148,145.778,0.214822
279,66.0257,65.0571,66.0571,11,-2.63148,145.09,0.228395
280,66.6357,65.9072,66.9072,11,-2.63148,148.14,0.411061
281,67.2663,66.7091,67.7091,11,-2.63148,151.293,0.539289
282,68.1152,67.6344,68.6344,10,2.41076,155.537,0.5875
283,67.8901,67.2126,68.2126,9,11.663,154.412,0.435611
284,67.6222,66.927,67.927,9,11.663,153.072,0.422208
285,68.5168,67.9813,68.9813,10,-3.7036,157.546,0.547041
286,67.4665,66.825,67.825,10,-3.7036,152.294,0.469224
287,67.8225,67.3068,68.3068,10,-3.7036,154.074,0.562101
288,68.4339,68.1019,69.1019,10,-3.7036,157.131,0.695789
289,68.5315,68.2404,69.2404,10,-3.7036,157.619,0.725379
290,67.4983,66.9973,67.9973,10,-3.7036,152.453,0.573376
291,66.4926,65.7137,66.7137,11,-2.99978,147.424,0.37302
292,64.676,63.8332,64.8332,12,-17.1196,138.342,0.32771
293,64.9435,64.2592,65.2592,12,-17.1196,139.679,0.450561
294,65.2632,64.7116,65.7116,11,-22.5733,141.278,0.544745
295,65.7062,65.258,66.258,11,-22.5733,143.492,0.623135
296,65.0279,64.3988,65.3988,10,-11.5872,140.101,0.477641
297,65.5317,65.0393,66.0393,10,-11.5872,142.62,0.582075
298,65.9066,65.4745,66.4745,10,-11.5872,144.495,0.627332
299,66.7394,66.4218,67.4218,10,-11.5872,148.659,0.711535
300,67.1246,66.845,67.845,9,0.0507676,150.585,0.731195
301,66.386,65.855,66.855,8,3.85971,146.892,0.536926
302,65.8421,65.1824,66.1824,8,3.85971,144.172,0.439481
303,64.4025,63.6711,64.6711,8,3.85971,136.974,0.382404
304,63.492,62.718,63.718,8,3.85971,132.421,0.347218
305,62.4573,61.6065,62.6065,8,3.85971,127.248,0.283212
306,63.1424,62.4464,63.4464,8,3.85971,130.674,0.408134
307,63.5964,63.0336,64.0336,7,-31.329,132.943,0.505649
308,63.2013,62.5019,63.5019,7,-31.329,130.968,0.397641
309,63.6211,63.0574,64.0574,7,-31.329,133.067,0.50498
310,62.8478,62.1482,63.1482,7,-31.329,129.201,0.396883
311,63.1311,62.5579,63.5579,7,-31.329,130.617,0.497478
312,63.1255,62.4532,63.4532,7,-31.329,130.589,0.418961
313,63.3809,62.858,63.858,7,-31.329,131.866,0.537187
314,64.3922,63.9656,64.9656,7,-31.329,136.923,0.611352
315,64.1538,63.5396,64.5396,6,-20.6946,135.731,0.457716
316,65.9131,65.4459,66.4459,6,-20.6946,144.527,0.570347
317,66.1828,65.8216,66.8216,5,-11.8131,145.875,0.642659
318,64.8381,64.2961,65.2961,5,-11.8131,139.152,0.506165
319,65.0212,64.6657,65.6657,6,-22.562,140.068,0.657219
320,65.3947,65.1616,66.1616,5,-14.3445,141.935,0.742295
321,65.5327,65.3265,66.3265,5,-14.3445,142.625,0.762281
322,66.2132,66.0501,67.0501,5,-14.3445,146.028,0.792123
323,67.2777,67.1931,68.1931,5,-14.3445,151.35,0.845834
324,68.755,68.7162,69.7162,5,-14.3445,158.737,0.871754
325,68.5285,68.275,69.275,5,-14.3445,157.604,0.716276
326,68.2513,67.7188,68.7188,5,-14.3445,156.218,0.512786
327,68.2258,67.5762,68.5762,5,-14.3445,156.091,0.427017
328,69.4152,68.9577,69.9577,5,-14.3445,162.037,0.566665
329,69.8465,69.4868,70.4868,5,-14.3445,164.194,0.636251
330,70.2887,70.0123,71.0123,5,-14.3445,166.405,0.694629
331,69.884,69.4386,70.4386,5,-14.3445,164.382,0.574869
332,69.3681,68.7648,69.7648,5,-14.3445,161.802,0.461585
333,69.7822,69.2813,70.2813,5,-14.3445,163.872,0.535207
334,71.8743,71.4578,72.4578,4,8.7338,174.333,0.585924
335,70.405,69.856,70.856,4,8.7338,166.987,0.49365
336,70.2905,69.5871,70.5871,4,8.7338,166.414,0.383769
337,69.7541,68.9585,69.9585,4,8.7338,163.732,0.316767
338,70.0403,69.493,70.493,4,8.7338,165.163,0.494792
339,68.9862,68.2701,69.2701,3,9.58055,159.892,0.365101
340,68.9068,68.1576,69.1576,3,9.58055,159.496,0.340929
341,70.2212,69.5656,70.5656,4,2.57436,166.067,0.417694
342,69.2496,68.5306,69.5306,4,2.57436,161.209,0.370774
343,69.6431,69.162,70.162,4,2.57436,163.177,0.542318
344,70.2567,69.8947,70.8947,4,2.57436,166.245,0.626693
345,69.8908,69.3109,70.3109,4,2.57436,164.416,0.471439
346,70.2235,69.7512,70.7512,5,7.1875,166.079,0.555333
347,68.9554,68.3858,69.3858,5,7.1875,159.739,0.485735
348,68.2681,67.5867,68.5867,5,7.1875,156.302,0.403781
349,68.0263,67.2982,68.2982,5,7.1875,155.093,0.36906
350,68.4045,67.9116,68.9116,5,7.1875,156.984,0.541738
351,68.426,68.096,69.096,5,7.1875,157.091,0.660821
352,68.8384,68.5776,69.5776,5,7.1875,159.154,0.710028
353,68.1994,67.7128,68.7128,5,7.1875,155.959,0.546458
354,70.0953,69.6892,70.6892,5,7.1875,165.438,0.602608
355,69.627,69.0426,70.0426,5,7.1875,163.096,0.475283
356,70.8319,70.3792,71.3792,5,7.1875,169.121,0.568655
357,71.6133,71.2218,72.2218,5,7.1875,173.028,0.610642
358,71.6941,71.4657,72.4657,4,21.7419,173.432,0.717277
359,71.6555,71.1974,72.1974,4,21.7419,173.239,0.557096
360,72.5149,72.1342,73.1342,4,21.7419,177.536,0.609862
361,71.7049,71.1672,72.1672,4,21.7419,173.486,0.501578
362,71.92,71.5487,72.5487,5,17.5234,174.562,0.624241
363,69.8177,69.3794,70.3794,5,17.5234,164.05,0.580015
364,68.4288,67.7386,68.7386,5,17.5234,157.106,0.397526
365,67.4893,66.6904,67.6904,6,0.380635,152.408,0.322998
366,67.8898,67.3086,68.3086,6,0.380635,154.411,0.484386
367,68.9989,68.5687,69.5687,6,0.380635,159.956,0.594057
368,68.9711,68.3624,69.3624,5,11.3614,159.817,0.457445
369,68.7758,68.0686,69.0686,6,5.32962,158.841,0.392963
370,68.7746,68.0736,69.0736,6,5.32962,158.835,0.397467
371,68.9632,68.4605,69.4605,6,5.32962,159.778,0.541542
372,69.0473,68.5881,69.5881,6,5.32962,160.198,0.573014
373,67.4125,66.8455,67.8455,5,12.684,152.024,0.487347
374,67.7685,67.3156,68.3156,5,12.684,153.804,0.57162
375,67.7254,67.1093,68.1093,4,6.32128,153.588,0.443816
376,67.45,66.7339,67.7339,4,6.32128,152.211,0.369506
377,67.5876,67.0114,68.0114,4,6.32128,152.9,0.473233
378,67.4855,66.7924,67.7924,4,6.32128,152.389,0.386574
379,68.2009,67.6729,68.6729,5,0.228559,155.966,0.516127
380,67.6524,66.9883,67.9883,5,0.228559,153.224,0.415674
381,68.5289,68.0448,69.0448,6,1.20827,157.606,0.555409
382,68.3373,67.724,68.724,6,1.20827,156.648,0.460962
383,69.0114,68.5164,69.5164,6,1.20827,160.018,0.547124
384,68.3035,67.6743,68.6743,6,1.20827,156.479,0.449279
385,68.1022,67.3231,68.3231,6,1.20827,155.472,0.339141
386,68.7732,68.2118,69.2118,6,1.20827,158.827,0.498983
387,68.2513,67.5011,68.5011,6,1.20827,156.218,0.360657
388,68.1747,67.3078,68.3078,6,1.20827,155.835,0.274958
389,67.7538,66.8377,67.8377,7,3.12529,153.73,0.244587
390,68.92,68.2418,69.2418,7,3.12529,159.562,0.421468
391,68.7842,68.0281,69.0281,7,3.12529,158.882,0.364764
392,69.0976,68.5155,69.5155,7,3.12529,160.45,0.491237
393,69.278,68.8804,69.8804,6,18.5789,161.351,0.617216
394,69.0651,68.5197,69.5197,5,20.7683,160.287,0.503388
395,69.108,68.6407,69.6407,5,20.7683,160.501,0.559874
396,67.7693,67.1813,68.1813,5,20.7683,153.808,0.471961
397,68.1692,67.7952,68.7952,5,20.7683,155.808,0.629084
398,66.7204,66.0986,67.0986,5,20.7683,148.564,0.446204
399,65.3741,64.7206,65.7206,5,20.7683,141.832,0.420838
400,64.8906,64.1934,65.1934,6,-5.03052,139.414,0.394353
401,63.7455,63.0294,64.0294,6,-5.03052,133.689,0.377549
402,65.5321,64.9452,65.9452,6,-5.03052,142.622,0.479522
403,66.138,65.6046,66.6046,6,-5.03052,145.652,0.520057
404,65.7903,65.0926,66.0926,5,6.27323,143.913,0.38775
405,65.5981,64.842,65.842,6,-1.28687,142.952,0.350545
406,64.1821,63.3642,64.3642,6,-1.28687,135.872,0.299105
407,63.8157,62.9642,63.9642,6,-1.28687,134.04,0.271669
408,64.5719,63.8999,64.8999,7,-14.0567,137.821,0.421027
409,64.1548,63.3915,64.3915,7,-14.0567,135.735,0.349358
410,65.3886,64.8005,65.8005,7,-14.0567,141.904,0.486197
411,66.2065,65.7469,66.7469,7,-14.0567,145.994,0.583359
412,66.1456,65.5606,66.5606,7,-14.0567,145.689,0.488686
413,66.37,65.9099,66.9099,7,-14.0567,146.812,0.582783
414,67.3996,67.0382,68.0382,7,-14.0567,151.96,0.654753
415,65.6299,65.1399,66.1399,7,-14.0567,143.111,0.560934
416,63.1426,62.4835,63.4835,7,-14.0567,130.674,0.42948
417,63.3994,62.932,63.932,8,-17.4217,131.959,0.588774
418,62.8138,62.2386,63.2386,8,-17.4217,129.031,0.503801
419,62.9909,62.5748,63.5748,8,-17.4217,129.916,0.630069
420,65.0209,64.6253,65.6253,8,-17.4217,140.066,0.641781
421,67.1259,66.8296,67.8296,8,-17.4217,150.591,0.711313
422,66.3428,65.882,66.882,8,-17.4217,146.676,0.589848
423,66.2489,65.5884,66.5884,8,-17.4217,146.206,0.439208
424,67.6231,67.0828,68.0828,9,7.41689,153.077,0.536795
425,66.4917,65.9158,66.9158,9,7.41689,147.42,0.510633
426,66.249,65.5329,66.5329,9,7.41689,146.206,0.404837
427,66.7868,66.2262,67.2262,9,7.41689,148.896,0.521986
428,66.9286,66.4816,67.4816,9,7.41689,149.605,0.606832
429,68.1073,67.7369,68.7369,9,7.41689,155.498,0.661206
430,66.6829,66.1337,67.1337,9,7.41689,148.376,0.530594
431,66.4124,65.6852,66.6852,10,12.3246,147.024,0.404192
432,65.404,64.4992,65.4992,11,7.83991,141.981,0.274683
433,65.757,64.9558,65.9558,12,-5.20568,143.746,0.362197
434,66.9777,66.3097,67.3097,12,-5.20568,149.85,0.464157
435,67.6756,67.1775,68.1775,11,28.5194,153.34,0.582661
436,68.7475,68.329,69.329,10,38.066,158.699,0.632019
437,70.1559,69.8529,70.8529,9,49.581,165.741,0.704541
438,69.9164,69.2999,70.2999,8,63.2955,164.543,0.473957
439,70.4357,69.9527,70.9527,8,63.2955,167.14,0.56886
440,72.0693,71.7615,72.7615,7,64.0941,175.308,0.681944
441,71.8798,71.3691,72.3691,6,76.7559,174.361,0.534234
442,71.3077,70.7287,71.7287,6,76.7559,171.5,0.486681
443,74.1151,73.6636,74.6636,7,64.5589,185.537,0.579939
444,72.5859,71.9884,72.9884,7,64.5589,177.891,0.481027
445,71.8695,71.1092,72.1092,8,73.3768,174.309,0.374572
446,71.0969,70.2759,71.2759,9,66.3437,170.446,0.337515
447,71.0141,70.257,71.257,9,66.3437,170.032,0.382309
448,70.9057,69.9786,70.9786,9,66.3437,169.49,0.262285
449,70.4413,69.4947,70.4947,10,56.1679,167.168,0.253974
450,69.7101,68.7265,69.7265,10,56.1679,163.512,0.224794
451,69.8945,69.1574,70.1574,10,56.1679,164.434,0.401899
452,70.6016,70.0184,71.0184,10,56.1679,167.969,0.511901
453,69.6836,69.02,70.02,10,56.1679,163.38,0.454319
454,69.8862,69.3847,70.3847,10,56.1679,164.393,0.570425
455,69.9195,69.4712,70.4712,9,60.2286,164.559,0.601334
456,68.466,67.8822,68.8822,8,61.0071,157.292,0.497173
457,66.9313,66.1951,67.1951,9,40.2951,149.618,0.390776
458,66.7615,65.949,66.949,9,40.2951,148.769,0.333373
459,67.2131,66.5006,67.5006,9,40.2951,151.027,0.408931
460,67.796,67.2403,68.2403,9,40.2951,153.941,0.525313
461,67.7721,66.9715,67.9715,9,40.2951,153.822,0.344635
462,67.0238,66.1452,67.1452,9,40.2951,150.081,0.284702
463,67.9236,67.1306,68.1306,10,24.6628,154.579,0.357989
464,67.0575,66.2199,67.2199,10,24.6628,150.249,0.322831
465,66.1118,65.2882,66.2882,10,24.6628,145.52,0.330896
466,66.3295,65.642,66.642,10,24.6628,146.609,0.43402
467,66.024,65.2644,66.2644,10,24.6628,145.081,0.379171
468,66.5845,65.9603,66.9603,10,24.6628,147.884,0.481823
469,66.7913,66.3332,67.3332,9,32.8131,148.918,0.598752
470,67.6644,67.3792,68.3792,9,32.8131,153.284,0.725227
471,68.4082,68.216,69.216,8,45.5835,157.002,0.783432
472,67.5165,66.9926,67.9926,8,45.5835,152.544,0.541524
473,66.0825,65.4574,66.4574,8,45.5835,145.374,0.465895
474,65.1927,64.5242,65.5242,8,45.5835,140.925,0.432125
475,65.8442,65.2811,66.2811,9,14.7432,144.182,0.520442
476,66.4964,66.0673,67.0673,9,14.7432,147.444,0.621002
477,66.3214,65.7427,66.7427,9,14.7432,146.569,0.508548
478,66.851,66.3887,67.3887,10,25.7104,149.216,0.602967
479,66.6269,65.9985,66.9985,10,25.7104,148.096,0.478704
480,66.5638,65.87,66.87,10,25.7104,147.781,0.429525
481,67.0447,66.49,67.49,10,25.7104,150.185,0.533767
482,67.7739,67.3424,68.3424,10,25.7104,153.831,0.62427
483,67.2411,66.6407,67.6407,10,25.7104,151.167,0.499711
484,66.8256,66.0869,67.0869,10,25.7104,149.09,0.396164
485,67.4172,66.7916,67.7916,10,25.7104,152.048,0.480958
486,67.0996,66.3167,67.3167,10,25.7104,150.46,0.363644
487,67.2286,66.6534,67.6534,10,25.7104,151.104,0.51847
488,69.4631,68.949,69.949,10,25.7104,162.277,0.561826
489,69.4129,68.7051,69.7051,10,25.7104,162.026,0.422375
490,70.4048,69.8645,70.8645,10,25.7104,166.986,0.542359
491,69.7414,69.038,70.038,9,76.9275,163.669,0.41874
492,70.327,69.7534,70.7534,9,76.9275,166.596,0.511647
493,70.0004,69.314,70.314,8,75.9276,164.964,0.423969
494,69.7828,69.0403,70.0403,8,75.9276,163.876,0.383563
495,69.9443,69.4009,70.4009,8,75.9276,164.683,0.526138
496,69.9597,69.4948,70.4948,8,75.9276,164.76,0.582267
497,68.7579,68.1228,69.1228,8,75.9276,158.751,0.459949
498,66.712,65.9539,66.9539,9,54.8831,148.521,0.37402
499,65.1821,64.4064,65.4064,10,35.3631,140.872,0.365259
500,64.6909,63.8381,64.8381,11,19.888,138.416,0.31237
501,65.2944,64.558,65.558,11,19.888,141.434,0.403141
502,66.3497,65.7426,66.7426,11,19.888,146.71,0.502121
503,67.4922,66.9959,67.9959,10,45.5859,152.422,0.576854
504,67.0357,66.3849,67.3849,10,45.5859,150.14,0.462065
505,66.4864,65.7598,66.7598,10,45.5859,147.393,0.404842
506,65.206,64.3726,65.3726,11,35.7584,140.991,0.328699
507,65.6279,64.9969,65.9969,11,35.7584,143.101,0.483965
508,66.487,66.0075,67.0075,11,35.7584,147.396,0.598176
509,66.6707,66.3233,67.3233,10,49.4829,148.315,0.689417
510,67.5148,67.2577,68.2577,10,49.4829,152.536,0.753927
511,67.7792,67.4887,68.4887,9,61.9849,153.858,0.720961
512,68.1741,67.9932,68.9932,9,61.9849,155.832,0.800026
513,70.2212,70.1193,71.1193,9,61.9849,166.067,0.8476
514,68.7099,68.3441,69.3441,9,61.9849,158.511,0.663124
515,69.0281,68.6656,69.6656,9,61.9849,160.102,0.664751
516,70.5275,70.2107,71.2107,9,61.9849,167.599,0.693715
517,70.7792,70.4784,71.4784,8,88.5619,168.857,0.697271
518,71.3255,71.0856,72.0856,7,90.7038,171.589,0.73143
519,71.6651,71.5047,72.5047,7,90.7038,173.287,0.785781
520,72.0096,71.8906,72.8906,6,97.8878,175.01,0.806191
521,73.7242,73.5774,74.5774,5,100.203,183.582,0.773463
522,73.2974,72.9521,73.9521,5,100.203,181.448,0.639643
523,73.4122,73.1255,74.1255,5,100.203,182.022,0.679352
524,73.8664,73.6668,74.6668,4,106.378,184.293,0.730447
525,73.0948,72.6274,73.6274,3,108.543,180.436,0.542805
526,71.603,70.9695,71.9695,4,102.425,172.977,0.434682
527,70.8585,70.0678,71.0678,4,102.425,169.254,0.323053
528,71.4858,70.8976,71.8976,5,92.1861,172.391,0.473244
529,72.3033,71.8597,72.8597,5,92.1861,176.478,0.573578
530,72.1865,71.6055,72.6055,5,92.1861,175.894,0.478513
531,72.2141,71.7842,72.7842,5,92.1861,176.032,0.583154
532,72.322,71.9667,72.9667,4,105.768,176.572,0.627726
533,72.064,71.5385,72.5385,3,106.498,175.282,0.503134
534,73.9918,73.5681,74.5681,3,106.498,184.921,0.571852
535,73.3698,72.7643,73.7643,3,106.498,181.81,0.448608
536,71.0018,70.2584,71.2584,4,105.891,169.971,0.356723
537,70.562,69.7125,70.7125,4,105.891,167.772,0.280642
538,70.9538,70.2846,71.2846,4,105.891,169.731,0.408949
539,72.8706,72.4027,73.4027,4,105.891,179.315,0.549441
540,71.9761,71.3011,72.3011,4,105.891,174.842,0.406184
541,72.9458,72.4648,73.4648,4,105.891,179.691,0.54039
542,73.0173,72.6538,73.6538,4,105.891,180.048,0.620862
543,72.2478,71.7201,72.7201,4,105.891,176.201,0.508508
544,73.3253,72.9755,73.9755,4,105.891,181.588,0.629689
545,75.9011,75.643,76.643,3,110.736,194.467,0.679096
546,74.8524,74.3507,75.3507,2,118.738,189.223,0.512218
547,75.3164,74.9222,75.9222,3,114.154,191.543,0.590204
548,74.7957,74.2832,75.2832,3,114.154,188.94,0.511706
549,74.5372,73.8547,74.8547,3,114.154,187.647,0.397734
550,74.2203,73.4425,74.4425,3,114.154,186.063,0.33308
551,74.3198,73.7022,74.7022,3,114.154,186.56,0.44111
552,73.2755,72.5295,73.5295,2,115.208,181.339,0.345787
553,71.9022,71.122,72.122,2,115.208,174.473,0.319076
554,71.6817,70.8278,71.8278,2,115.208,173.37,0.267085
555,71.9674,71.2898,72.2898,3,107.459,174.798,0.397457
556,72.6291,72.0341,73.0341,3,107.459,178.107,0.455258
557,72.465,71.702,72.702,3,107.459,177.286,0.339289
558,72.7446,72.0856,73.0856,3,107.459,178.685,0.411356
559,71.8182,71.0718,72.0718,2,114.233,174.053,0.34236
560,74.1205,73.5871,74.5871,2,114.233,185.564,0.490993
561,73.0122,72.3461,73.3461,2,114.233,180.022,0.399971
562,73.6781,73.182,74.182,2,114.233,183.352,0.516227
563,73.8407,73.4991,74.4991,2,114.233,184.165,0.620751
564,73.3889,72.8834,73.8834,2,114.233,181.906,0.509854
565,73.1733,72.6117,73.6117,2,114.233,180.828,0.471553
566,73.7931,73.2828,74.2828,3,113.285,183.927,0.513351
567,72.3805,71.701,72.701,3,113.285,176.864,0.396747
568,71.8677,71.1456,72.1456,3,113.285,174.3,0.366338
569,70.7337,69.9767,70.9767,4,108.887,168.63,0.346635
570,71.3219,70.7879,71.7879,4,108.887,171.571,0.504209
571,70.7574,70.1627,71.1627,3,111.456,168.749,0.454291
572,71.1922,70.7219,71.7219,3,111.456,170.922,0.541931
573,71.2339,70.9019,71.9019,3,111.456,171.131,0.638975
574,70.3267,69.8007,70.8007,3,111.456,166.595,0.502858
575,70.135,69.448,70.448,3,111.456,165.636,0.388088
576,70.6554,70.1386,71.1386,3,111.456,168.238,0.509347
577,71.907,71.4693,72.4693,2,109.508,174.497,0.5572
578,71.3176,70.6925,71.6925,2,109.508,171.549,0.426337
579,69.5945,68.9358,69.9358,2,109.508,162.934,0.40032
580,70.02,69.531,70.531,3,105.102,165.062,0.529282
581,70.3061,69.9392,70.9392,2,109.888,166.492,0.60887
582,69.5581,68.9966,69.9966,1,110.705,162.752,0.463001
583,71.1544,70.7391,71.7391,1,110.705,170.733,0.566559
584,71.6797,71.3989,72.3989,1,110.705,173.36,0.659867
585,69.6199,69.1198,70.1198,0,112.164,163.061,0.499934
586,68.6208,67.95,68.95,0,112.164,158.066,0.375529
587,68.6224,68.1764,69.1764,0,112.164,158.073,0.539328
588,68.3546,67.7374,68.7374,-1,112.164,156.734,0.406969
589,69.3992,68.8991,69.8991,-1,112.164,161.957,0.492748
590,70.1953,69.8281,70.8281,-1,112.164,165.938,0.587463
591,70.8058,70.5063,71.5063,-2,110.513,168.991,0.627493
592,71.4503,71.2279,72.2279,-2,110.513,172.213,0.680271
593,72.1655,72.0535,73.0535,-2,110.513,175.789,0.75499
594,70.8217,70.4626,71.4626,-3,106.062,169.07,0.578275
595,70.961,70.632,71.632,-3,106.062,169.766,0.5994
596,70.8219,70.2963,71.2963,-3,106.062,169.071,0.460746
597,70.1043,69.4552,70.4552,-2,114.333,165.483,0.379361
598,70.4947,70.0565,71.0565,-2,114.333,167.435,0.529661
599,70.5229,70.1831,71.1831,-2,114.333,167.576,0.599367
600,71.462,71.2375,72.2375,-2,114.333,172.271,0.678803
601,71.7935,71.6565,72.6565,-3,110.451,173.929,0.731967
602,71.8451,71.7095,72.7095,-3,110.451,174.187,0.732773
603,72.0051,71.9902,72.9902,-3,110.451,174.987,0.81599
604,71.7521,71.4297,72.4297,-3,110.451,173.722,0.602892
605,71.2924,70.7977,71.7977,-3,110.451,171.424,0.48265
606,70.713,70.07,71.07,-3,110.451,168.527,0.377663
607,68.5559,67.8801,68.8801,-3,110.451,157.741,0.3499
608,68.9465,68.4891,69.4891,-3,110.451,159.694,0.509132
609,67.7007,67.1521,68.1521,-4,118.696,153.465,0.43457
610,68.817,68.463,69.463,-4,118.696,159.047,0.577029
611,68.0592,67.4957,68.4957,-4,118.696,155.258,0.423934
612,67.8381,67.2691,68.2691,-4,118.696,154.152,0.419631
613,68.7698,68.3609,69.3609,-4,118.696,158.81,0.537157
614,67.5007,66.9851,67.9851,-4,118.696,152.465,0.458805
615,67.4042,66.7898,67.7898,-4,118.696,151.983,0.385482
616,67.4706,67.0345,68.0345,-4,118.696,152.314,0.517725
617,67.5973,67.3039,68.3039,-5,124.515,152.948,0.615798
618,67.1161,66.5845,67.5845,-5,124.515,150.542,0.439194
619,67.0171,66.3401,67.3401,-5,124.515,150.047,0.330637
620,67.8583,67.4041,68.4041,-5,124.515,154.253,0.496858
621,67.1052,66.5239,67.5239,-5,124.515,150.488,0.402142
622,69.3342,68.8875,69.8875,-4,132.067,161.632,0.509614
623,69.6689,69.383,70.383,-5,118.613,163.306,0.617774
624,69.9383,69.6809,70.6809,-5,118.613,164.653,0.637691
625,69.2858,68.8308,69.8308,-5,118.613,161.39,0.496446
626,68.3966,67.7712,68.7712,-5,118.613,156.945,0.371759
627,69.1153,68.7125,69.7125,-4,129.194,160.538,0.541354
628,68.5544,68.0088,69.0088,-5,121.429,157.734,0.430251
629,68.4306,67.7962,68.7962,-4,129.948,157.115,0.372563
630,69.2618,68.7956,69.7956,-3,130.798,161.271,0.5027
631,69.0995,68.4993,69.4993,-3,130.798,160.459,0.405794
632,69.2893,68.8972,69.8972,-3,130.798,161.408,0.556227
633,71.1676,70.9532,71.9532,-3,130.798,170.8,0.67956
634,72.814,72.6786,73.6786,-3,130.798,179.032,0.729732
635,73.8848,73.7793,74.7793,-3,130.798,184.386,0.746639
636,74.5793,74.5579,75.5579,-3,130.798,187.858,0.800793
637,76.6152,76.4689,77.4689,-3,130.798,198.038,0.711242
638,77.8978,77.7373,78.7373,-3,130.798,204.451,0.698635
639,78.0317,77.9224,78.9224,-4,97.975,205.12,0.724743
640,77.782,77.3839,78.3839,-4,97.975,203.871,0.539827
641,77.6834,77.1465,78.1465,-4,97.975,203.378,0.450497
642,77.2761,76.6333,77.6333,-3,104.338,201.342,0.388232
643,77.3483,76.8208,77.8208,-3,104.338,201.703,0.462891
644,78.2591,77.9113,78.9113,-3,104.338,206.257,0.578053
645,78.702,78.4775,79.4775,-4,99.0438,208.472,0.649588
646,79.3745,79.2005,80.2005,-4,99.0438,211.834,0.680155
647,81.4699,81.3009,82.3009,-4,99.0438,222.311,0.678631
648,82.5083,82.3931,83.3931,-4,99.0438,227.503,0.708979
649,85.4921,85.3565,86.3565,-5,81.1166,242.422,0.683904
650,85.7192,85.6894,86.6894,-6,66.2993,243.558,0.739236
651,86.7667,86.7551,87.7551,-6,66.2993,248.795,0.746859
652,87.0551,87.1317,88.1317,-6,66.2993,250.237,0.796682
653,87.6698,87.7438,88.7438,-7,55.6485,253.31,0.787489
654,85.5947,85.3453,86.3453,-7,55.6485,242.935,0.605477
655,86.4369,86.2898,87.2898,-7,55.6485,247.146,0.663598
656,85.9842,85.5472,86.5472,-8,61.5419,244.882,0.490112
657,86.6249,86.3105,87.3105,-8,61.5419,248.086,0.56093
658,86.9681,86.7613,87.7613,-8,61.5419,249.802,0.62262
659,86.6787,86.2781,87.2781,-8,61.5419,248.355,0.511157
660,85.6234,85.0605,86.0605,-8,61.5419,243.079,0.416527
661,87.1752,86.7812,87.7812,-8,61.5419,250.838,0.514898
662,87.9196,87.7851,88.7851,-9,57.6104,254.559,0.656719
663,90.0677,90.095,91.095,-9,57.6104,265.3,0.742793
664,89.2096,88.9748,89.9748,-9,57.6104,261.01,0.598194
665,90.5942,90.4603,91.4603,-9,57.6104,267.933,0.652403
666,89.3518,88.8989,89.8989,-9,57.6104,261.721,0.47601
667,89.3149,88.7626,89.7626,-8,47.5509,261.536,0.425909
668,89.6814,89.3486,90.3486,-8,47.5509,263.368,0.548646
669,90.7863,90.6114,91.6114,-8,47.5509,268.893,0.635005
670,89.9745,89.5196,90.5196,-8,47.5509,264.834,0.480571
671,89.6195,89.0976,90.0976,-8,47.5509,263.059,0.443164
672,88.9264,88.2942,89.2942,-7,45.9616,259.594,0.386317
673,87.6775,87.0428,88.0428,-7,45.9616,253.349,0.383299
674,87.7787,87.3812,88.3812,-7,45.9616,253.855,0.518521
675,87.688,87.0985,88.0985,-8,50.9765,253.402,0.403319
676,87.3143,86.5595,87.5595,-8,50.9765,251.533,0.308225
677,87.4275,86.9805,87.9805,-7,65.5503,252.099,0.490276
678,85.9708,85.3529,86.3529,-7,65.5503,244.816,0.390721
679,84.0246,83.3059,84.3059,-7,65.5503,235.085,0.32817
680,84.9513,84.4745,85.4745,-7,65.5503,239.718,0.472454
681,86.4698,86.1504,87.1504,-8,73.1451,247.31,0.558168
682,87.3318,87.0467,88.0467,-9,59.738,251.621,0.571473
683,85.2754,84.6929,85.6929,-9,59.738,241.338,0.398892
684,85.1566,84.3581,85.3581,-9,59.738,240.745,0.271888
685,86.1666,85.6331,86.6331,-8,84.8683,245.795,0.434101
686,83.9884,83.2494,84.2494,-8,84.8683,234.903,0.310097
687,82.7659,81.9349,82.9349,-8,84.8683,228.791,0.251703
688,82.5696,81.6783,82.6783,-8,84.8683,227.81,0.214572
689,82.2004,81.1803,82.1803,-8,84.8683,225.963,0.134972
690,80.5929,79.5721,80.5721,-8,84.8683,217.926,0.127267
691,81.0565,80.3867,81.3867,-7,123.157,220.244,0.352047
692,78.7482,78.058,79.058,-8,110.455,208.703,0.328432
693,78.5829,77.7888,78.7888,-7,137.084,207.876,0.268274
694,78.3341,77.5727,78.5727,-7,137.084,206.632,0.288469
695,78.243,77.4905,78.4905,-7,137.084,206.177,0.293902
696,78.9643,78.4038,79.4038,-7,137.084,209.783,0.417358
697,81.3438,80.9606,81.9606,-7,137.084,221.681,0.528795
698,83.813,83.5678,84.5678,-8,109.765,234.027,0.604251
699,84.8719,84.6987,85.6987,-8,109.765,239.321,0.645432
700,84.4536,84.0749,85.0749,-8,109.765,237.229,0.524487
701,84.2406,83.7264,84.7264,-8,109.765,236.165,0.4441
702,82.5981,81.9698,82.9698,-7,95.639,227.952,0.379949
703,81.6648,80.8927,81.8927,-7,95.639,223.286,0.290547
704,80.7762,79.9373,80.9373,-6,115.475,218.843,0.253076
705,80.1694,79.2832,80.2832,-6,115.475,215.809,0.221726
706,79.4086,78.527,79.527,-6,115.475,212.005,0.221963
707,80.7725,80.1847,81.1847,-6,115.475,218.824,0.40847
708,79.9132,79.2644,80.2644,-7,113.723,214.528,0.363071
709,80.345,79.8493,80.8493,-7,113.723,216.686,0.459167
710,79.1563,78.6169,79.6169,-7,113.723,210.743,0.430919
711,80.3605,79.9666,80.9666,-7,113.723,216.764,0.522468
712,80.1745,79.6963,80.6963,-7,113.723,215.834,0.469935
713,79.6024,79.014,80.014,-7,113.723,212.974,0.40046
714,78.5093,77.8309,78.8309,-7,113.723,207.508,0.341784
715,78.8836,78.4303,79.4303,-7,113.723,209.38,0.485199
716,78.4624,77.9786,78.9786,-8,126.004,207.273,0.459332
717,78.5288,78.1818,79.1818,-7,137.618,207.605,0.55286
718,79.36,79.1066,80.1066,-8,129.195,211.762,0.604938
719,78.9318,78.4741,79.4741,-8,129.195,209.621,0.47611
720,78.8952,78.3697,79.3697,-8,129.195,209.438,0.433137
721,79.6053,79.3105,80.3105,-8,129.195,212.988,0.578659
722,80.0099,79.8851,80.8851,-9,120.165,215.011,0.678207
723,80.1122,80.0693,81.0693,-10,114.994,215.523,0.722854
724,80.9515,80.9269,81.9269,-10,114.994,219.719,0.73185
725,81.525,81.5721,82.5721,-11,104.576,222.587,0.768073
726,84.4197,84.5086,85.5086,-12,97.4789,237.06,0.777718
727,83.1209,82.9125,83.9125,-13,62.2411,230.566,0.597195
728,82.8801,82.4568,83.4568,-12,95.9903,229.362,0.473845
729,82.082,81.5287,82.5287,-11,101.459,225.371,0.400573
730,82.2738,81.9449,82.9449,-11,101.459,226.33,0.537141
731,82.6906,82.5272,83.5272,-11,101.459,228.414,0.637045
732,82.3721,81.9965,82.9965,-11,101.459,226.822,0.508744
733,81.3231,80.8219,81.8219,-11,101.459,221.577,0.431571
734,81.1475,80.6478,81.6478,-11,101.459,220.699,0.432404
735,82.7619,82.3638,83.3638,-10,121.357,228.771,0.501173
736,84.4862,84.2291,85.2291,-10,121.357,237.393,0.584564
737,85.1211,84.9322,85.9322,-10,121.357,240.567,0.624014
738,84.2698,83.8269,84.8269,-11,68.5135,236.31,0.468625
739,84.347,84.0903,85.0903,-11,68.5135,236.697,0.579001
740,85.6569,85.4769,86.4769,-11,68.5135,243.246,0.622594
741,86.4065,86.3588,87.3588,-12,62.5216,246.994,0.692303
742,87.6573,87.6964,88.6964,-12,62.5216,253.248,0.739016
743,86.877,86.6757,87.6757,-12,62.5216,249.346,0.602887
744,86.9906,86.8746,87.8746,-12,62.5216,249.915,0.651735
745,86.4223,86.0596,87.0596,-12,62.5216,247.073,0.509954
746,85.7437,85.1914,86.1914,-12,62.5216,243.68,0.399519
747,85.5526,84.9048,85.9048,-12,62.5216,242.725,0.343473
748,85.4358,84.6593,85.6593,-12,62.5216,242.141,0.267983
749,85.7754,85.2573,86.2573,-12,62.5216,243.839,0.419496
750,84.2198,83.6005,84.6005,-12,62.5216,236.06,0.357935
751,84.6984,84.2856,85.2856,-12,62.5216,238.453,0.480684
752,84.7283,84.4931,85.4931,-12,62.5216,238.603,0.585447
753,85.0077,84.9169,85.9169,-13,74.3275,240,0.664201
754,84.5044,84.1874,85.1874,-13,74.3275,237.484,0.53132
755,85.0179,84.8044,85.8044,-12,91.3018,240.051,0.59792
756,86.3458,86.2411,87.2411,-12,91.3018,246.69,0.659433
757,85.4143,85.0914,86.0914,-12,91.3018,242.033,0.533453
758,84.8611,84.3875,85.3875,-12,91.3018,239.267,0.44489
759,84.0423,83.3398,84.3398,-11,88.8999,235.173,0.314088
760,85.4808,84.9781,85.9781,-11,88.8999,242.366,0.434085
761,86.9768,86.7395,87.7395,-12,71.4034,249.845,0.582058
762,85.8944,85.4679,86.4679,-13,50.2669,244.433,0.467105
763,86.9274,86.5966,87.5966,-13,50.2669,249.599,0.522555
764,87.8865,87.7195,88.7195,-14,52.1246,254.394,0.609823
765,85.5401,85.152,86.152,-14,52.1246,242.662,0.483572
766,87.1714,87.0239,88.0239,-14,52.1246,250.819,0.62187
767,87.524,87.4485,88.4485,-14,52.1246,252.581,0.662534
768,87.3275,87.1325,88.1325,-14,52.1246,251.599,0.59449
769,87.3166,86.9923,87.9923,-13,58.6218,251.545,0.526185
770,87.292,86.8432,87.8432,-13,58.6218,251.421,0.454879
771,86.6209,86.0554,87.0554,-13,58.6218,248.066,0.387132
772,87.5196,87.1511,88.1511,-12,72.6248,252.56,0.506563
773,86.9898,86.3729,87.3729,-12,72.6248,249.911,0.363806
774,86.4654,85.8305,86.8305,-11,68.8149,247.289,0.358382
775,85.2339,84.5127,85.5127,-11,68.8149,241.131,0.305684
776,86.8397,86.3207,87.3207,-10,89.2769,249.16,0.431525
777,86.7447,86.0416,87.0416,-10,89.2769,248.685,0.325253
778,89.3726,88.8552,89.8552,-9,73.988,261.824,0.439931
779,87.3595,86.7374,87.7374,-10,39.6652,251.759,0.37288
780,86.5068,85.8089,86.8089,-10,39.6652,247.496,0.327814
781,86.0229,85.2545,86.2545,-10,39.6652,245.076,0.2859
782,85.7447,85.0209,86.0209,-9,85.6722,243.685,0.317053
783,86.022,85.5486,86.5486,-9,85.6722,245.071,0.463187
784,84.654,84.107,85.107,-9,85.6722,238.232,0.419063
785,84.4377,83.7772,84.7772,-9,85.6722,237.15,0.351674
786,84.7553,84.2291,85.2291,-9,85.6722,238.738,0.431458
787,85.8648,85.623,86.623,-9,85.6722,244.286,0.597932
788,84.3213,83.9291,84.9291,-9,85.6722,236.568,0.510577
789,83.1917,82.6483,83.6483,-9,85.6722,230.92,0.419803
790,83.785,83.3979,84.3979,-9,85.6722,233.887,0.513645
791,84.3615,84.1523,85.1523,-9,85.6722,236.769,0.619032
792,83.6423,83.2401,84.2401,-10,86.592,233.173,0.498726
793,83.6032,82.9963,83.9963,-9,105.714,232.977,0.382266
794,82.3449,81.577,82.577,-9,105.714,226.686,0.282655
795,82.5736,82.0268,83.0268,-8,120.682,227.83,0.423224
796,81.8997,81.1779,82.1779,-8,120.682,224.46,0.315708
797,80.5653,79.7962,80.7962,-8,120.682,217.788,0.283341
798,80.2422,79.408,80.408,-8,120.682,216.173,0.24187
799,79.7546,78.8081,79.8081,-7,138.034,213.735,0.176152
800,79.9927,79.2411,80.2411,-7,138.034,214.925,0.299009
801,79.3424,78.5798,79.5798,-8,132.202,211.674,0.284078
802,79.7663,79.1891,80.1891,-7,145.493,213.793,0.407738
803,79.3407,78.7301,79.7301,-7,145.493,211.665,0.386198
804,79.7091,79.3069,80.3069,-6,144.441,213.507,0.523744
805,77.8915,77.3021,78.3021,-6,144.441,204.419,0.404079
806,77.8548,77.1842,78.1842,-5,153.009,204.236,0.358296
807,77.757,77.0166,78.0166,-4,153.598,203.747,0.31967
808,77.6247,76.7795,77.7795,-3,154.269,203.085,0.258349
809,78.2092,77.5586,78.5586,-2,154.98,206.008,0.390954
810,78.4935,78.0569,79.0569,-3,151.422,207.429,0.521275
811,77.8418,77.2466,78.2466,-3,151.422,204.171,0.419592
812,77.7055,77.0262,78.0262,-3,151.422,203.489,0.365349
813,76.2757,75.5333,76.5333,-3,151.422,196.34,0.321415
814,76.7319,76.096,77.096,-2,160.498,198.621,0.398446
815,76.7932,76.3319,77.3319,-3,157.372,198.927,0.505703
816,77.6554,77.3487,78.3487,-3,157.372,203.239,0.605122
817,77.898,77.7143,78.7143,-4,153.614,204.452,0.67731
818,78.0062,77.9514,78.9514,-4,153.614,204.992,0.759754
819,77.9085,77.5883,78.5883,-4,153.614,204.504,0.589716
820,77.9747,77.7798,78.7798,-4,153.614,204.835,0.669989
821,77.2882,76.8355,77.8355,-5,151.89,201.403,0.49823
822,76.7589,76.1253,77.1253,-5,151.89,198.756,0.380366
823,77.3972,76.9001,77.9001,-5,151.89,201.948,0.469558
824,77.5487,77.2754,78.2754,-6,156.288,202.705,0.607483
825,77.0204,76.612,77.612,-6,156.288,200.064,0.520525
826,75.8823,75.2852,76.2852,-5,164.017,194.373,0.403032
827,74.9843,74.2991,75.2991,-5,164.017,189.883,0.343177
828,74.3121,73.52,74.52,-5,164.017,186.522,0.269829
829,74.3341,73.7327,74.7327,-5,164.017,186.632,0.398167
830,75.2985,74.8955,75.8955,-5,164.017,191.454,0.531253
831,74.7147,74.1783,75.1783,-6,167.599,188.535,0.435481
832,75.4143,75.0454,76.0454,-6,167.599,192.033,0.547183
833,76.0945,75.8295,76.8295,-6,167.599,195.434,0.614972
834,77.8067,77.6729,78.6729,-6,167.599,203.995,0.696779
835,78.0922,78.0532,79.0532,-6,167.599,205.423,0.756748
836,78.4197,78.4038,79.4038,-6,167.599,207.06,0.77042
837,78.1753,77.8451,78.8451,-7,146.549,205.838,0.563855
838,79.0458,78.801,79.801,-7,146.549,210.191,0.617165
839,78.6578,78.1833,79.1833,-7,146.549,208.251,0.471697
840,79.5175,79.2184,80.2184,-6,155.093,212.549,0.5886
841,81.2394,81.0283,82.0283,-6,155.093,221.158,0.640907
842,83.049,82.9034,83.9034,-7,132.023,230.206,0.671239
843,83.6067,83.5515,84.5515,-7,132.023,232.995,0.724166
844,81.5758,81.3038,82.3038,-7,132.023,222.841,0.596789
845,81.2884,80.7817,81.7817,-7,132.023,221.404,0.452789
846,80.8895,80.2742,81.2742,-6,140.749,219.409,0.391691
847,81.1887,80.7271,81.7271,-6,140.749,220.905,0.486717
848,80.5044,79.836,80.836,-7,135.077,217.483,0.351934
849,79.975,79.2367,80.2367,-6,148.315,214.837,0.313508
850,80.0112,79.5979,80.5979,-6,148.315,215.017,0.516707
851,79.7241,79.1923,80.1923,-6,148.315,213.582,0.442405
852,80.1883,79.8477,80.8477,-6,148.315,215.903,0.562033
853,79.2988,78.6702,79.6702,-6,148.315,211.455,0.381083
854,81.6343,81.1666,82.1666,-6,148.315,223.133,0.483028
855,81.3396,80.6509,81.6509,-6,148.315,221.66,0.347102
856,81.5924,81.086,82.086,-6,148.315,222.923,0.459338
857,80.6871,80.1271,81.1271,-6,148.315,218.397,0.42565
858,81.023,80.5327,81.5327,-6,148.315,220.076,0.468986
859,79.4771,78.8968,79.8968,-7,138.134,212.347,0.405389
860,80.6356,80.2826,81.2826,-7,138.134,218.14,0.547753
861,80.5066,80.0336,81.0336,-7,138.134,217.495,0.473295
862,80.1656,79.545,80.545,-7,138.134,215.789,0.381136
863,79.3693,78.5679,79.5679,-7,138.134,211.808,0.266067
864,80.9994,80.4845,81.4845,-7,138.134,219.958,0.447586
865,81.4107,80.9793,81.9793,-7,138.134,222.015,0.499135
866,82.785,82.4251,83.4251,-7,138.134,228.887,0.542294
867,83.9708,83.7838,84.7838,-7,138.134,234.815,0.644738
868,84.6566,84.5374,85.5374,-8,115.376,238.244,0.67768
869,84.1141,83.7711,84.7711,-8,115.376,235.532,0.54576
870,81.7466,81.2829,82.2829,-8,115.376,223.694,0.47327
871,82.734,82.5622,83.5622,-7,143.384,228.632,0.656009
872,80.9377,80.4932,81.4932,-8,127.429,219.65,0.484897
873,81.701,81.4519,82.4519,-8,127.429,223.467,0.604591
874,81.8035,81.6609,82.6609,-8,127.429,223.979,0.669558
875,82.9289,82.8987,83.8987,-9,134.639,229.606,0.728998
876,83.9866,84.0436,85.0436,-9,134.639,234.894,0.778047
877,83.5136,83.2763,84.2763,-10,113.195,232.53,0.597378
878,81.7364,81.2398,82.2398,-9,130.868,223.644,0.447015
879,79.954,79.3754,80.3754,-8,149.196,214.732,0.400837
880,82.1683,81.741,82.741,-8,149.196,225.803,0.495573
881,81.93,81.4502,82.4502,-9,137.187,224.612,0.457405
882,81.0352,80.4459,81.4459,-9,137.187,220.138,0.389327
883,80.256,79.6395,80.6395,-9,137.187,216.241,0.371363
884,80.919,80.4668,81.4668,-9,137.187,219.556,0.473953
885,81.0508,80.8205,81.8205,-10,148.655,220.216,0.604697
886,79.2953,78.8362,79.8362,-10,148.655,211.438,0.462689
887,78.5548,77.9412,78.9412,-10,148.655,207.736,0.364072
888,78.0833,77.3867,78.3867,-10,148.655,205.378,0.31007
889,79.2653,78.6708,79.6708,-10,148.655,211.288,0.377287
890,76.9162,76.2472,77.2472,-10,148.655,199.543,0.325134
891,76.9227,76.452,77.452,-10,148.655,199.575,0.454011
892,77.7316,77.3691,78.3691,-10,148.655,203.62,0.524118
893,77.1431,76.6276,77.6276,-11,179.632,200.677,0.418646
894,77.5397,77.2036,78.2036,-11,179.632,202.66,0.534732
895,77.4442,76.9291,77.9291,-11,179.632,202.183,0.419254
896,80.1432,79.7698,80.7698,-10,195.471,215.678,0.516617
897,80.1102,79.5521,80.5521,-10,195.471,215.513,0.401325
898,80.6702,80.2919,81.2919,-9,169.241,218.312,0.519691
899,82.0476,81.7579,82.7579,-9,169.241,225.2,0.573265
900,82.0427,81.5436,82.5436,-9,169.241,225.175,0.445706
901,80.5115,79.9066,80.9066,-9,169.241,217.519,0.378975
902,79.4387,78.713,79.713,-9,169.241,212.155,0.301294
903,79.8013,79.2539,80.2539,-8,176.794,213.968,0.420229
904,81.4341,81.1368,82.1368,-8,176.794,222.132,0.575325
905,80.1789,79.7423,80.7423,-8,176.794,215.856,0.489687
906,82.3595,82.0775,83.0775,-7,168.559,226.759,0.589891
907,83.0984,82.9181,83.9181,-7,168.559,230.453,0.650243
908,83.7788,83.6276,84.6276,-7,168.559,233.855,0.666425
909,83.6511,83.3178,84.3178,-7,168.559,233.217,0.557793
910,83.9245,83.6921,84.6921,-7,168.559,234.584,0.617687
911,83.661,83.2199,84.2199,-7,168.559,233.267,0.493336
912,84.2392,83.8784,84.8784,-6,144.216,236.158,0.547006
913,84.9911,84.7818,85.7818,-6,144.216,239.917,0.635741
914,83.7798,83.4336,84.4336,-7,128.844,233.861,0.549997
915,82.9092,82.3574,83.3574,-7,128.844,229.508,0.426555
916,83.8232,83.5206,84.5206,-7,128.844,234.077,0.576031
917,80.7566,80.2745,81.2745,-7,128.844,218.744,0.467744
918,82.0017,81.5607,82.5607,-7,128.844,224.97,0.493324
919,80.1827,79.5831,80.5831,-7,128.844,215.875,0.394228
920,79.2228,78.445,79.445,-6,172.236,211.075,0.286811
921,79.9297,79.4369,80.4369,-6,172.236,214.61,0.46698
922,78.3205,77.6269,78.6269,-6,172.236,206.564,0.338124
923,77.6116,76.8504,77.8504,-5,183.973,203.02,0.299471
924,77.407,76.5566,77.5566,-5,183.973,201.997,0.241304
925,78.1371,77.5259,78.5259,-4,189.324,205.647,0.403275
926,77.4795,76.8046,77.8046,-4,189.324,202.359,0.361366
927,78.5171,78.1052,79.1052,-3,188.332,207.547,0.536988
928,77.0759,76.498,77.498,-3,188.332,200.341,0.43
929,77.7008,77.2908,78.2908,-3,188.332,203.466,0.538611
930,77.3874,76.716,77.716,-4,183.874,201.898,0.36346
931,75.2571,74.4217,75.4217,-3,190.173,191.247,0.257246
932,75.8452,75.2694,76.2694,-3,190.173,194.188,0.430236
933,75.782,75.1529,76.1529,-3,190.173,193.871,0.395064
934,76.2277,75.8218,76.8218,-2,194.862,196.1,0.548606
935,77.4582,77.2269,78.2269,-2,194.862,202.252,0.660559
936,78.3763,78.1949,79.1949,-2,194.862,206.843,0.690457
937,78.2058,77.9718,78.9718,-2,194.862,205.991,0.657285
938,78.0956,77.5649,78.5649,-2,194.862,205.439,0.467562
939,78.4221,78.0504,79.0504,-2,194.862,207.072,0.56904
940,77.7891,77.1747,78.1747,-2,194.862,203.907,0.413609
941,77.4523,76.7362,77.7362,-1,190.818,202.223,0.354065
942,77.7561,77.2417,78.2417,-1,190.818,203.742,0.48429
943,76.8098,76.1788,77.1788,-1,190.818,199.011,0.408237
944,75.7066,75.0017,76.0017,-1,190.818,193.495,0.358015
945,75.1133,74.4486,75.4486,-1,190.818,190.528,0.383701
946,76.4885,76.0499,77.0499,0,193.545,197.404,0.540149
947,77.0286,76.7494,77.7494,0,193.545,200.105,0.64331
948,75.8673,75.3506,76.3506,0,193.545,194.298,0.48899
949,76.2118,75.8531,76.8531,0,193.545,196.02,0.592727
950,78.1969,77.9583,78.9583,0,193.545,205.946,0.667115
951,78.2954,78.1905,79.1905,0,193.545,206.439,0.752284
952,78.441,78.3737,79.3737,0,193.545,207.166,0.775845
953,79.0955,79.0704,80.0704,-1,193.545,210.439,0.793891
954,78.5805,78.2243,79.2243,-1,193.545,207.864,0.585147
955,79.4251,79.1465,80.1465,-1,193.545,212.087,0.633068
956,78.8667,78.3875,79.3875,-1,193.545,209.295,0.50685
957,79.6264,79.3039,80.3039,-1,193.545,213.093,0.605216
958,80.4779,80.2486,81.2486,-1,193.545,217.351,0.661971
959,79.5537,79.0629,80.0629,-1,193.545,212.73,0.499509
960,79.7845,79.4719,80.4719,-1,193.545,213.884,0.611212
961,81.1968,80.9416,81.9416,-1,193.545,220.945,0.644586
962,79.7975,79.3966,80.3966,-1,193.545,213.949,0.555827
963,79.091,78.4751,79.4751,0,193.522,210.417,0.426682
964,78.3089,77.5554,78.5554,0,193.522,206.506,0.338088
965,78.8826,78.363,79.363,1,193.522,209.375,0.493896
966,78.0152,77.3411,78.3411,1,193.522,205.037,0.394866
967,78.3037,77.8897,78.8897,2,193.307,206.48,0.567662
968,77.4764,76.8498,77.8498,1,196.405,202.343,0.424755
969,76.7784,75.9937,76.9937,2,194.365,198.854,0.327632
970,76.9851,76.4368,77.4368,3,192.653,199.887,0.488137
971,76.1521,75.4114,76.4114,3,192.653,195.722,0.361705
972,78.4772,77.9373,78.9373,3,192.653,207.348,0.493679
973,78.8861,78.5084,79.5084,3,192.653,209.392,0.596543
974,79.6411,79.4294,80.4294,3,192.653,213.167,0.699813
975,79.5974,79.1122,80.1122,3,192.653,212.949,0.528106
976,79.2305,78.5714,79.5714,3,192.653,211.114,0.418544
977,79.6898,79.1845,80.1845,4,200.386,213.411,0.521747
978,78.6485,77.9777,78.9777,4,200.386,208.204,0.416865
979,78.2158,77.4366,78.4366,4,200.386,206.04,0.347121
980,79.4524,78.8376,79.8376,4,200.386,212.224,0.45292
981,80.5671,80.0224,81.0224,4,200.386,217.797,0.497064
982,80.5849,80.1381,81.1381,4,200.386,217.886,0.557832
983,79.4653,78.9046,79.9046,4,200.386,212.288,0.486978
984,80.724,80.3255,81.3255,4,200.386,218.582,0.587623
985,80.3941,79.7641,80.7641,3,211.402,216.932,0.437802
986,80.8791,80.3711,81.3711,3,211.402,219.357,0.513601
987,80.8637,80.1716,81.1716,3,211.402,219.28,0.399764
988,79.5201,78.7503,79.7503,3,211.402,212.562,0.349216
989,79.6302,79.0694,80.0694,4,203.676,213.112,0.486965
990,78.5487,77.8172,78.8172,4,203.676,207.705,0.378089
991,77.9298,77.0696,78.0696,4,203.676,204.611,0.294558
992,80.277,79.6881,80.6881,5,196.954,216.346,0.475819
993,80.6872,80.1684,81.1684,5,196.954,218.397,0.519373
994,79.5888,79.0118,80.0118,4,217.448,212.906,0.476743
995,78.5794,77.8125,78.8125,4,217.448,207.858,0.355618
996,78.1528,77.3081,78.3081,5,204.024,205.725,0.311495
997,77.8039,76.9317,77.9317,5,204.024,203.981,0.292937
998,76.6495,75.7759,76.7759,5,204.024,198.209,0.288912
999,75.9864,75.0302,76.0302,5,204.024,194.894,0.232682
